session_id,user_id,start_time,device,duration_minute
S00001,U0339,2024-04-25 15:40:00,Android,36
S00002,U0365,2024-03-21 05:36:00,Web,5
S00003,U0331,2024-04-22 12:16:00,Web,11
S00004,U0129,2024-04-05 13:59:00,iOS,24
S00005,U0344,2024-05-26 22:26:00,Web,31
S00006,U0310,2024-03-09 17:16:00,iOS,55
S00007,U0455,2024-06-23 04:46:00,Android,13
S00008,U0089,2024-04-23 07:59:00,iOS,16
S00009,U0213,2024-01-22 22:52:00,iOS,24
S00010,U0143,2024-06-19 15:05:00,Android,13
S00011,U0065,2024-02-11 05:19:00,iOS,24
S00012,U0076,2024-05-05 04:36:00,iOS,54
S00013,U0199,2024-06-17 11:35:00,Web,26
S00014,U0143,2024-01-30 00:56:00,Android,2
S00015,U0405,2024-02-16 19:46:00,iOS,16
S00016,U0403,2024-01-19 23:13:00,Android,38
S00017,U0316,2024-01-08 13:13:00,Android,46
S00018,U0093,2024-04-22 22:30:00,iOS,1
S00019,U0473,2024-01-30 10:46:00,Web,49
S00020,U0417,2024-03-07 18:08:00,Android,11
S00021,U0305,2024-02-05 00:24:00,iOS,51
S00022,U0224,2024-02-06 00:00:00,Android,35
S00023,U0497,2024-05-22 02:20:00,Web,43
S00024,U0291,2024-05-15 03:07:00,Web,29
S00025,U0428,2024-05-07 03:20:00,Web,37
S00026,U0102,2024-05-06 04:16:00,iOS,17
S00027,U0474,2024-06-12 09:06:00,iOS,58
S00028,U0267,2024-04-13 21:28:00,Web,54
S00029,U0355,2024-02-03 15:41:00,iOS,39
S00030,U0456,2024-05-07 21:23:00,Web,42
S00031,U0110,2024-06-06 23:01:00,iOS,28
S00032,U0462,2024-03-15 22:58:00,Web,29
S00033,U0330,2024-03-12 15:09:00,Android,43
S00034,U0450,2024-06-21 21:53:00,Web,3
S00035,U0430,2024-02-14 01:22:00,Web,52
S00036,U0265,2024-05-02 05:57:00,iOS,10
S00037,U0003,2024-01-16 18:09:00,iOS,59
S00038,U0085,2024-06-16 06:14:00,iOS,42
S00039,U0282,2024-06-10 23:23:00,iOS,14
S00040,U0328,2024-05-23 23:01:00,iOS,12
S00041,U0304,2024-03-06 07:29:00,iOS,47
S00042,U0450,2024-01-13 03:03:00,Android,42
S00043,U0454,2024-04-20 08:27:00,Web,30
S00044,U0412,2024-02-03 04:54:00,Web,32
S00045,U0117,2024-05-15 20:38:00,Web,32
S00046,U0221,2024-04-29 17:30:00,Android,42
S00047,U0154,2024-04-27 12:12:00,Web,32
S00048,U0153,2024-02-22 05:20:00,Android,26
S00049,U0012,2024-05-24 20:56:00,Android,51
S00050,U0133,2024-06-06 07:16:00,Android,1
S00051,U0482,2024-01-13 23:46:00,Web,56
S00052,U0304,2024-02-22 22:16:00,Android,58
S00053,U0293,2024-01-25 12:05:00,Web,42
S00054,U0463,2024-01-31 05:36:00,Web,2
S00055,U0300,2024-01-23 09:03:00,iOS,17
S00056,U0228,2024-03-14 17:13:00,iOS,30
S00057,U0271,2024-02-23 10:59:00,Android,56
S00058,U0043,2024-06-08 17:17:00,Android,39
S00059,U0432,2024-06-26 06:51:00,Web,7
S00060,U0343,2024-04-19 16:51:00,Android,52
S00061,U0326,2024-02-22 06:47:00,Android,27
S00062,U0302,2024-03-19 17:25:00,Web,9
S00063,U0498,2024-01-30 11:42:00,Android,22
S00064,U0364,2024-01-04 20:28:00,Android,34
S00065,U0379,2024-02-28 12:55:00,Web,46
S00066,U0427,2024-01-12 21:53:00,Web,49
S00067,U0493,2024-03-22 05:53:00,iOS,1
S00068,U0021,2024-05-06 18:18:00,Web,9
S00069,U0407,2024-04-14 16:30:00,iOS,20
S00070,U0107,2024-04-02 19:37:00,Android,53
S00071,U0336,2024-01-18 18:39:00,Web,19
S00072,U0303,2024-02-07 03:28:00,Web,36
S00073,U0117,2024-03-27 18:31:00,Web,40
S00074,U0124,2024-02-19 06:29:00,Android,45
S00075,U0399,2024-03-09 15:39:00,iOS,4
S00076,U0281,2024-04-30 19:40:00,Android,9
S00077,U0292,2024-06-04 10:32:00,Android,41
S00078,U0203,2024-03-05 02:16:00,Web,22
S00079,U0051,2024-06-03 07:07:00,iOS,18
S00080,U0271,2024-04-09 15:10:00,Android,12
S00081,U0324,2024-02-20 02:20:00,Web,42
S00082,U0277,2024-03-23 02:56:00,Android,43
S00083,U0141,2024-04-21 11:30:00,Android,39
S00084,U0470,2024-06-13 06:40:00,Web,9
S00085,U0275,2024-06-05 15:28:00,Web,6
S00086,U0290,2024-02-29 10:31:00,iOS,19
S00087,U0334,2024-05-17 02:54:00,Android,48
S00088,U0381,2024-01-23 03:54:00,Web,47
S00089,U0452,2024-01-13 18:44:00,Web,7
S00090,U0496,2024-06-09 08:42:00,iOS,16
S00091,U0373,2024-01-17 07:10:00,iOS,5
S00092,U0052,2024-01-25 08:52:00,Web,16
S00093,U0494,2024-03-24 16:18:00,iOS,1
S00094,U0027,2024-05-19 21:56:00,Web,51
S00095,U0157,2024-02-11 15:12:00,Android,37
S00096,U0239,2024-04-10 22:07:00,iOS,39
S00097,U0156,2024-04-12 08:59:00,Android,19
S00098,U0291,2024-02-10 22:58:00,Android,54
S00099,U0136,2024-02-16 03:46:00,Android,37
S00100,U0144,2024-04-14 14:51:00,Web,17
S00101,U0106,2024-01-13 03:29:00,Android,26
S00102,U0420,2024-05-20 18:43:00,Android,22
S00103,U0158,2024-01-31 14:57:00,Android,8
S00104,U0146,2024-01-16 10:48:00,Web,33
S00105,U0002,2024-03-13 19:49:00,Android,2
S00106,U0433,2024-02-23 15:51:00,Android,30
S00107,U0077,2024-04-09 10:20:00,iOS,47
S00108,U0132,2024-03-27 19:56:00,Web,20
S00109,U0090,2024-06-10 12:55:00,Android,18
S00110,U0345,2024-01-07 04:33:00,iOS,43
S00111,U0350,2024-01-03 17:31:00,Web,57
S00112,U0459,2024-03-10 15:39:00,Web,10
S00113,U0263,2024-05-28 08:59:00,Web,24
S00114,U0351,2024-02-23 18:08:00,Web,56
S00115,U0108,2024-04-09 21:15:00,Web,4
S00116,U0074,2024-01-13 22:16:00,Web,37
S00117,U0039,2024-02-18 01:57:00,Android,4
S00118,U0397,2024-02-23 09:24:00,Android,13
S00119,U0159,2024-02-13 00:52:00,Android,25
S00120,U0071,2024-03-14 09:17:00,Android,13
S00121,U0447,2024-01-13 18:45:00,iOS,18
S00122,U0312,2024-01-24 14:27:00,Android,59
S00123,U0241,2024-05-21 19:21:00,Web,24
S00124,U0426,2024-06-11 06:26:00,Android,2
S00125,U0445,2024-04-20 10:13:00,Android,48
S00126,U0298,2024-01-17 20:05:00,Web,33
S00127,U0440,2024-04-25 09:00:00,Android,58
S00128,U0036,2024-06-19 06:48:00,Android,19
S00129,U0084,2024-05-01 20:11:00,Android,9
S00130,U0452,2024-03-30 03:49:00,iOS,28
S00131,U0374,2024-03-05 01:58:00,Android,35
S00132,U0263,2024-06-04 13:03:00,Web,57
S00133,U0310,2024-06-23 07:44:00,Web,39
S00134,U0385,2024-04-13 11:37:00,Android,10
S00135,U0172,2024-01-27 02:54:00,Android,1
S00136,U0376,2024-06-10 19:17:00,Android,42
S00137,U0173,2024-05-14 11:04:00,Web,21
S00138,U0362,2024-02-02 00:54:00,Web,9
S00139,U0047,2024-01-07 12:35:00,iOS,47
S00140,U0379,2024-02-26 00:11:00,iOS,15
S00141,U0141,2024-01-16 11:59:00,iOS,35
S00142,U0375,2024-02-12 06:12:00,Web,57
S00143,U0406,2024-05-14 20:51:00,iOS,5
S00144,U0118,2024-04-20 05:06:00,Android,41
S00145,U0277,2024-06-08 05:30:00,Android,58
S00146,U0214,2024-01-08 03:44:00,Web,22
S00147,U0220,2024-02-14 20:37:00,iOS,41
S00148,U0393,2024-02-28 10:43:00,Android,23
S00149,U0026,2024-04-13 03:14:00,Web,7
S00150,U0009,2024-06-05 08:08:00,iOS,56
S00151,U0271,2024-06-05 10:09:00,Android,23
S00152,U0010,2024-06-04 20:28:00,iOS,44
S00153,U0472,2024-03-19 19:07:00,Web,25
S00154,U0378,2024-06-20 20:41:00,iOS,27
S00155,U0121,2024-01-04 18:47:00,Web,41
S00156,U0125,2024-05-16 10:30:00,iOS,6
S00157,U0170,2024-05-12 10:07:00,Android,55
S00158,U0072,2024-06-26 22:34:00,Web,34
S00159,U0152,2024-05-22 08:59:00,Web,9
S00160,U0208,2024-01-22 03:52:00,Web,49
S00161,U0049,2024-01-17 18:33:00,iOS,33
S00162,U0154,2024-04-15 00:25:00,iOS,51
S00163,U0347,2024-01-25 23:37:00,Android,6
S00164,U0293,2024-02-14 22:42:00,Web,37
S00165,U0068,2024-01-11 07:40:00,Web,31
S00166,U0050,2024-04-13 18:11:00,iOS,34
S00167,U0152,2024-04-04 23:55:00,iOS,41
S00168,U0019,2024-03-05 17:52:00,Android,29
S00169,U0100,2024-06-23 09:23:00,Android,58
S00170,U0060,2024-04-11 03:35:00,iOS,14
S00171,U0167,2024-02-26 09:18:00,Web,36
S00172,U0202,2024-06-07 08:08:00,Android,36
S00173,U0345,2024-06-22 21:05:00,iOS,53
S00174,U0146,2024-01-26 00:04:00,iOS,15
S00175,U0403,2024-03-24 06:00:00,Web,8
S00176,U0164,2024-02-23 15:45:00,iOS,26
S00177,U0458,2024-06-14 00:14:00,iOS,36
S00178,U0481,2024-03-01 19:05:00,Android,48
S00179,U0439,2024-01-21 07:32:00,iOS,21
S00180,U0242,2024-05-13 21:57:00,iOS,28
S00181,U0069,2024-03-02 09:57:00,Android,4
S00182,U0175,2024-03-18 11:53:00,Web,16
S00183,U0049,2024-02-15 20:46:00,Web,22
S00184,U0483,2024-01-03 16:29:00,Android,12
S00185,U0108,2024-01-06 18:36:00,Android,16
S00186,U0226,2024-01-08 08:12:00,Web,51
S00187,U0161,2024-04-17 19:44:00,Web,40
S00188,U0119,2024-03-15 05:32:00,Web,38
S00189,U0149,2024-02-19 14:22:00,Web,42
S00190,U0465,2024-06-04 04:31:00,Web,37
S00191,U0150,2024-03-08 21:15:00,Android,29
S00192,U0432,2024-02-17 11:35:00,iOS,18
S00193,U0293,2024-03-04 18:33:00,Web,10
S00194,U0143,2024-03-16 19:22:00,Web,42
S00195,U0419,2024-04-10 04:33:00,iOS,39
S00196,U0476,2024-01-19 05:10:00,iOS,18
S00197,U0455,2024-04-11 14:45:00,iOS,1
S00198,U0160,2024-06-02 23:33:00,iOS,39
S00199,U0011,2024-01-04 10:19:00,iOS,21
S00200,U0138,2024-04-24 13:16:00,iOS,1
S00201,U0457,2024-02-28 02:04:00,Android,15
S00202,U0078,2024-04-07 21:36:00,iOS,4
S00203,U0077,2024-04-16 04:04:00,iOS,20
S00204,U0441,2024-03-20 07:29:00,Android,10
S00205,U0254,2024-06-10 21:10:00,iOS,23
S00206,U0409,2024-01-08 19:24:00,Web,41
S00207,U0258,2024-04-15 00:07:00,Web,34
S00208,U0320,2024-04-05 08:14:00,iOS,46
S00209,U0291,2024-04-03 13:52:00,Android,48
S00210,U0263,2024-06-19 17:42:00,Web,33
S00211,U0085,2024-03-21 03:06:00,Android,34
S00212,U0146,2024-03-24 12:33:00,Web,39
S00213,U0323,2024-03-26 01:32:00,iOS,10
S00214,U0042,2024-03-26 17:47:00,Android,54
S00215,U0374,2024-05-16 07:00:00,Android,20
S00216,U0125,2024-03-14 19:39:00,Android,1
S00217,U0167,2024-06-18 21:18:00,Web,13
S00218,U0425,2024-06-19 02:49:00,Web,1
S00219,U0241,2024-04-13 05:21:00,Web,5
S00220,U0459,2024-02-24 07:35:00,iOS,16
S00221,U0487,2024-06-24 13:09:00,Web,15
S00222,U0280,2024-04-10 19:38:00,iOS,49
S00223,U0188,2024-04-30 05:48:00,Android,28
S00224,U0302,2024-04-17 19:56:00,Android,31
S00225,U0019,2024-01-10 12:19:00,iOS,23
S00226,U0068,2024-01-09 21:10:00,Web,48
S00227,U0218,2024-06-03 09:05:00,iOS,45
S00228,U0102,2024-05-08 10:00:00,Android,43
S00229,U0042,2024-04-02 05:26:00,Android,17
S00230,U0288,2024-03-07 16:19:00,iOS,49
S00231,U0167,2024-05-27 10:28:00,Web,34
S00232,U0109,2024-04-03 23:02:00,Web,13
S00233,U0494,2024-03-31 11:57:00,iOS,14
S00234,U0036,2024-01-17 04:33:00,iOS,11
S00235,U0232,2024-06-21 01:55:00,Web,28
S00236,U0229,2024-04-02 11:32:00,Android,42
S00237,U0353,2024-03-31 18:25:00,iOS,32
S00238,U0164,2024-03-08 16:00:00,Web,35
S00239,U0387,2024-04-23 18:01:00,Web,59
S00240,U0073,2024-06-02 23:47:00,Android,31
S00241,U0136,2024-04-25 21:29:00,Android,17
S00242,U0353,2024-02-28 17:44:00,Android,47
S00243,U0379,2024-04-14 20:16:00,Android,9
S00244,U0070,2024-05-24 21:41:00,Android,10
S00245,U0425,2024-04-07 16:55:00,iOS,8
S00246,U0487,2024-06-17 12:12:00,Web,21
S00247,U0196,2024-03-08 11:48:00,iOS,13
S00248,U0269,2024-05-18 13:43:00,iOS,59
S00249,U0049,2024-06-27 11:00:00,iOS,50
S00250,U0316,2024-04-08 09:47:00,iOS,5
S00251,U0130,2024-01-26 06:42:00,iOS,6
S00252,U0444,2024-04-18 11:39:00,Android,30
S00253,U0005,2024-02-16 05:26:00,Android,31
S00254,U0428,2024-06-02 09:11:00,Web,17
S00255,U0027,2024-05-12 06:44:00,iOS,11
S00256,U0160,2024-05-11 13:10:00,Web,20
S00257,U0149,2024-04-15 01:23:00,Android,48
S00258,U0264,2024-05-22 12:33:00,Android,9
S00259,U0230,2024-04-25 18:52:00,Android,2
S00260,U0200,2024-05-15 09:12:00,iOS,37
S00261,U0050,2024-04-21 19:30:00,iOS,1
S00262,U0067,2024-04-21 10:14:00,Android,4
S00263,U0300,2024-02-15 15:23:00,Web,36
S00264,U0381,2024-03-08 04:30:00,Web,54
S00265,U0058,2024-06-13 11:46:00,Android,58
S00266,U0259,2024-04-20 21:43:00,Web,25
S00267,U0342,2024-01-27 00:39:00,Android,3
S00268,U0326,2024-06-12 16:33:00,Web,9
S00269,U0130,2024-01-24 08:55:00,Android,22
S00270,U0215,2024-01-04 04:49:00,Web,23
S00271,U0172,2024-06-25 07:50:00,iOS,12
S00272,U0258,2024-04-25 04:38:00,Android,10
S00273,U0102,2024-04-18 09:40:00,Android,34
S00274,U0209,2024-04-04 04:13:00,Web,43
S00275,U0291,2024-03-02 11:20:00,Android,10
S00276,U0354,2024-02-26 11:39:00,Android,30
S00277,U0471,2024-02-23 22:29:00,Android,22
S00278,U0286,2024-04-10 11:19:00,iOS,6
S00279,U0116,2024-05-14 18:28:00,iOS,50
S00280,U0264,2024-03-01 03:31:00,Web,2
S00281,U0150,2024-01-03 06:23:00,iOS,30
S00282,U0300,2024-06-27 05:41:00,Web,2
S00283,U0442,2024-02-16 14:03:00,iOS,32
S00284,U0036,2024-02-07 06:59:00,Web,42
S00285,U0453,2024-06-17 22:46:00,iOS,16
S00286,U0333,2024-02-27 05:05:00,iOS,12
S00287,U0477,2024-01-30 11:41:00,Web,1
S00288,U0287,2024-04-10 08:56:00,Android,53
S00289,U0303,2024-04-21 23:54:00,Android,8
S00290,U0311,2024-06-27 03:25:00,iOS,48
S00291,U0208,2024-05-05 08:15:00,Web,50
S00292,U0106,2024-05-02 17:50:00,Android,13
S00293,U0446,2024-04-27 08:23:00,Web,15
S00294,U0158,2024-01-22 03:32:00,Android,53
S00295,U0121,2024-02-23 11:00:00,Web,44
S00296,U0055,2024-01-16 15:37:00,iOS,8
S00297,U0400,2024-02-01 07:22:00,Web,10
S00298,U0012,2024-06-10 12:46:00,Android,46
S00299,U0145,2024-01-09 16:16:00,iOS,5
S00300,U0400,2024-05-18 00:09:00,Web,50
S00301,U0396,2024-01-17 07:15:00,Android,19
S00302,U0136,2024-04-20 02:32:00,iOS,47
S00303,U0468,2024-05-02 15:16:00,Web,38
S00304,U0003,2024-04-10 18:45:00,Android,59
S00305,U0144,2024-03-05 20:14:00,Web,11
S00306,U0030,2024-02-20 18:24:00,Web,53
S00307,U0237,2024-05-06 18:31:00,iOS,43
S00308,U0279,2024-04-13 18:39:00,iOS,20
S00309,U0348,2024-06-15 20:21:00,Android,20
S00310,U0115,2024-01-01 16:46:00,iOS,21
S00311,U0104,2024-05-30 23:21:00,Android,18
S00312,U0118,2024-06-15 08:28:00,Web,57
S00313,U0005,2024-05-05 05:12:00,Web,50
S00314,U0468,2024-03-21 12:42:00,Android,10
S00315,U0360,2024-06-17 07:56:00,Web,34
S00316,U0248,2024-03-13 19:24:00,iOS,26
S00317,U0364,2024-03-10 04:21:00,Web,30
S00318,U0321,2024-03-24 22:11:00,iOS,9
S00319,U0121,2024-01-03 22:40:00,Android,46
S00320,U0286,2024-03-03 09:20:00,Android,51
S00321,U0149,2024-03-16 02:54:00,Web,31
S00322,U0084,2024-04-18 03:02:00,Web,42
S00323,U0454,2024-03-05 16:02:00,iOS,55
S00324,U0406,2024-01-15 18:43:00,iOS,4
S00325,U0466,2024-02-01 14:23:00,Web,6
S00326,U0456,2024-05-07 06:08:00,Web,14
S00327,U0231,2024-03-23 00:42:00,Android,4
S00328,U0288,2024-04-25 08:07:00,Android,26
S00329,U0161,2024-03-18 13:45:00,Android,47
S00330,U0272,2024-02-02 21:33:00,Web,48
S00331,U0460,2024-06-10 11:40:00,Web,39
S00332,U0038,2024-05-11 12:07:00,Web,17
S00333,U0500,2024-02-28 15:24:00,Android,19
S00334,U0226,2024-03-23 15:01:00,Web,51
S00335,U0142,2024-04-30 16:32:00,iOS,49
S00336,U0292,2024-06-25 19:51:00,Web,6
S00337,U0481,2024-03-23 03:12:00,Web,29
S00338,U0151,2024-01-27 22:39:00,Web,11
S00339,U0114,2024-05-13 16:39:00,Web,16
S00340,U0237,2024-01-13 21:03:00,Web,30
S00341,U0066,2024-03-04 10:58:00,iOS,25
S00342,U0361,2024-03-20 14:50:00,iOS,40
S00343,U0341,2024-02-12 18:32:00,Web,11
S00344,U0258,2024-05-27 18:38:00,Android,7
S00345,U0475,2024-06-20 19:34:00,Web,26
S00346,U0249,2024-01-02 23:19:00,Web,56
S00347,U0457,2024-01-22 14:42:00,Web,22
S00348,U0449,2024-02-26 13:59:00,Android,25
S00349,U0331,2024-01-07 20:29:00,Android,19
S00350,U0323,2024-04-28 07:30:00,Android,31
S00351,U0180,2024-04-23 16:54:00,iOS,26
S00352,U0190,2024-03-23 20:02:00,Android,42
S00353,U0407,2024-03-12 19:07:00,iOS,41
S00354,U0154,2024-04-22 17:15:00,iOS,36
S00355,U0196,2024-05-05 05:30:00,Android,23
S00356,U0466,2024-05-12 21:46:00,Android,47
S00357,U0311,2024-05-19 23:44:00,Android,13
S00358,U0262,2024-05-13 18:40:00,iOS,25
S00359,U0419,2024-01-05 09:28:00,Web,2
S00360,U0406,2024-06-04 14:05:00,Android,2
S00361,U0427,2024-03-09 01:57:00,Android,16
S00362,U0143,2024-04-29 18:02:00,Android,9
S00363,U0342,2024-02-02 22:21:00,iOS,28
S00364,U0316,2024-02-19 00:18:00,iOS,13
S00365,U0101,2024-05-02 09:18:00,Web,35
S00366,U0244,2024-06-15 07:31:00,Android,41
S00367,U0490,2024-02-02 19:24:00,iOS,13
S00368,U0012,2024-03-24 06:30:00,Web,31
S00369,U0239,2024-03-19 03:34:00,Android,21
S00370,U0049,2024-01-14 03:34:00,iOS,32
S00371,U0042,2024-05-26 02:07:00,Android,54
S00372,U0166,2024-02-23 12:39:00,Android,34
S00373,U0082,2024-05-27 17:32:00,iOS,8
S00374,U0429,2024-01-24 05:37:00,iOS,59
S00375,U0291,2024-03-03 11:53:00,iOS,41
S00376,U0158,2024-04-14 09:28:00,Android,48
S00377,U0216,2024-05-15 03:37:00,Android,2
S00378,U0490,2024-03-02 03:21:00,Web,38
S00379,U0158,2024-01-17 05:21:00,Android,32
S00380,U0462,2024-01-06 22:28:00,iOS,54
S00381,U0134,2024-06-04 22:21:00,Android,40
S00382,U0067,2024-06-17 18:25:00,Web,58
S00383,U0336,2024-06-17 20:27:00,Web,28
S00384,U0007,2024-03-11 16:58:00,iOS,37
S00385,U0436,2024-05-10 12:57:00,iOS,41
S00386,U0014,2024-04-07 22:48:00,Web,1
S00387,U0073,2024-02-04 03:27:00,Web,41
S00388,U0399,2024-01-02 09:45:00,Web,10
S00389,U0405,2024-06-14 00:21:00,iOS,55
S00390,U0163,2024-06-02 21:58:00,Web,4
S00391,U0066,2024-06-05 03:49:00,Web,35
S00392,U0347,2024-01-20 09:12:00,iOS,10
S00393,U0130,2024-05-27 18:51:00,Android,47
S00394,U0419,2024-05-26 09:55:00,Android,11
S00395,U0466,2024-04-20 23:57:00,Web,14
S00396,U0206,2024-02-22 13:21:00,Android,38
S00397,U0276,2024-05-29 19:17:00,Android,12
S00398,U0466,2024-01-27 01:12:00,Android,45
S00399,U0256,2024-04-05 09:19:00,Android,17
S00400,U0266,2024-03-10 12:24:00,Web,16
S00401,U0025,2024-04-09 18:02:00,Android,35
S00402,U0450,2024-01-02 06:52:00,Android,2
S00403,U0281,2024-03-05 09:54:00,iOS,11
S00404,U0253,2024-06-02 04:25:00,Web,41
S00405,U0310,2024-02-22 18:22:00,iOS,3
S00406,U0289,2024-02-28 11:01:00,iOS,29
S00407,U0164,2024-06-27 09:19:00,Web,18
S00408,U0095,2024-05-28 14:50:00,Android,20
S00409,U0270,2024-01-22 14:27:00,iOS,47
S00410,U0321,2024-04-07 06:53:00,Web,14
S00411,U0110,2024-01-25 04:43:00,Android,34
S00412,U0336,2024-04-22 05:00:00,Web,49
S00413,U0310,2024-03-08 17:10:00,iOS,54
S00414,U0238,2024-02-18 19:20:00,Android,31
S00415,U0381,2024-06-12 01:22:00,Android,58
S00416,U0436,2024-05-08 18:16:00,Web,40
S00417,U0387,2024-02-15 10:17:00,Android,42
S00418,U0483,2024-06-08 04:21:00,iOS,58
S00419,U0425,2024-06-24 19:49:00,iOS,18
S00420,U0390,2024-05-24 14:01:00,iOS,30
S00421,U0025,2024-04-23 00:53:00,Web,25
S00422,U0141,2024-06-26 22:44:00,Android,19
S00423,U0117,2024-05-06 23:52:00,Android,8
S00424,U0482,2024-06-04 06:06:00,Android,28
S00425,U0392,2024-01-15 10:43:00,iOS,8
S00426,U0405,2024-04-02 06:18:00,Android,31
S00427,U0482,2024-03-13 15:14:00,iOS,3
S00428,U0452,2024-04-01 00:42:00,Android,3
S00429,U0025,2024-04-30 17:44:00,iOS,44
S00430,U0079,2024-06-18 03:31:00,Android,22
S00431,U0068,2024-06-16 00:38:00,Web,17
S00432,U0173,2024-04-22 12:36:00,Web,36
S00433,U0444,2024-05-30 18:54:00,iOS,17
S00434,U0012,2024-06-28 17:50:00,iOS,14
S00435,U0288,2024-03-03 12:16:00,Android,51
S00436,U0128,2024-04-19 01:08:00,Android,9
S00437,U0096,2024-02-12 15:43:00,Web,30
S00438,U0092,2024-02-03 04:55:00,Android,21
S00439,U0141,2024-03-01 15:45:00,iOS,12
S00440,U0031,2024-03-02 22:17:00,iOS,37
S00441,U0334,2024-06-09 05:30:00,iOS,32
S00442,U0020,2024-01-16 05:37:00,iOS,11
S00443,U0146,2024-04-03 22:07:00,iOS,20
S00444,U0477,2024-05-17 22:41:00,Web,35
S00445,U0316,2024-02-07 10:38:00,Web,53
S00446,U0447,2024-01-19 19:47:00,iOS,47
S00447,U0390,2024-03-03 09:48:00,Android,46
S00448,U0160,2024-06-22 06:26:00,iOS,11
S00449,U0349,2024-04-11 13:52:00,Web,52
S00450,U0043,2024-04-29 10:02:00,iOS,8
S00451,U0254,2024-01-08 11:30:00,Web,4
S00452,U0130,2024-03-13 08:28:00,Web,27
S00453,U0060,2024-05-13 04:54:00,iOS,44
S00454,U0151,2024-04-22 13:15:00,iOS,40
S00455,U0467,2024-04-06 09:08:00,Android,38
S00456,U0287,2024-05-16 09:27:00,Web,47
S00457,U0499,2024-03-25 12:49:00,Android,30
S00458,U0005,2024-02-27 06:02:00,iOS,44
S00459,U0467,2024-05-02 20:11:00,Web,48
S00460,U0418,2024-06-16 06:59:00,Android,48
S00461,U0266,2024-04-23 21:15:00,Android,27
S00462,U0345,2024-04-16 22:38:00,Android,21
S00463,U0130,2024-04-01 01:02:00,iOS,52
S00464,U0382,2024-05-29 08:31:00,iOS,20
S00465,U0267,2024-05-18 20:08:00,iOS,4
S00466,U0178,2024-01-04 20:37:00,Web,11
S00467,U0253,2024-05-14 14:34:00,iOS,13
S00468,U0415,2024-02-23 01:27:00,Web,9
S00469,U0056,2024-03-08 16:27:00,Android,4
S00470,U0463,2024-05-08 13:42:00,Android,12
S00471,U0457,2024-01-03 16:13:00,iOS,9
S00472,U0471,2024-06-14 02:00:00,Android,13
S00473,U0083,2024-05-08 17:41:00,iOS,48
S00474,U0393,2024-03-25 16:47:00,Web,26
S00475,U0099,2024-06-05 10:44:00,Android,38
S00476,U0149,2024-04-01 00:20:00,iOS,42
S00477,U0329,2024-04-18 05:02:00,Android,13
S00478,U0156,2024-03-24 13:22:00,Android,39
S00479,U0190,2024-03-09 19:12:00,iOS,28
S00480,U0494,2024-05-19 04:42:00,Android,58
S00481,U0371,2024-02-25 12:25:00,Android,19
S00482,U0263,2024-01-23 04:36:00,Android,24
S00483,U0080,2024-03-01 22:22:00,Android,19
S00484,U0400,2024-05-01 00:51:00,Web,49
S00485,U0252,2024-03-28 02:32:00,Android,13
S00486,U0097,2024-02-24 09:03:00,Android,13
S00487,U0260,2024-02-24 23:32:00,iOS,58
S00488,U0260,2024-02-05 10:21:00,Web,28
S00489,U0103,2024-06-25 23:05:00,iOS,53
S00490,U0040,2024-02-27 13:26:00,iOS,2
S00491,U0273,2024-03-20 01:36:00,iOS,10
S00492,U0101,2024-04-22 20:36:00,Web,22
S00493,U0359,2024-03-01 02:16:00,iOS,13
S00494,U0380,2024-01-06 16:50:00,iOS,58
S00495,U0308,2024-04-18 09:06:00,iOS,9
S00496,U0221,2024-02-08 11:01:00,Android,33
S00497,U0308,2024-06-17 10:29:00,iOS,14
S00498,U0420,2024-01-05 01:26:00,Web,48
S00499,U0124,2024-03-16 07:50:00,Web,20
S00500,U0422,2024-06-06 13:44:00,Android,15
S00501,U0231,2024-05-06 12:05:00,Web,32
S00502,U0178,2024-01-29 21:02:00,Web,33
S00503,U0063,2024-06-13 10:52:00,Android,17
S00504,U0485,2024-06-08 23:15:00,iOS,24
S00505,U0116,2024-04-21 17:48:00,Android,30
S00506,U0191,2024-05-24 21:10:00,iOS,13
S00507,U0062,2024-04-13 09:56:00,iOS,59
S00508,U0256,2024-05-13 10:19:00,Web,47
S00509,U0483,2024-01-18 11:01:00,Android,48
S00510,U0007,2024-02-02 23:57:00,Web,16
S00511,U0155,2024-05-05 03:54:00,Web,2
S00512,U0092,2024-06-08 15:37:00,iOS,17
S00513,U0470,2024-05-01 16:59:00,Web,32
S00514,U0014,2024-04-24 15:31:00,Android,43
S00515,U0455,2024-06-10 20:57:00,Web,8
S00516,U0229,2024-01-28 17:14:00,Web,52
S00517,U0086,2024-06-15 04:06:00,iOS,3
S00518,U0133,2024-02-16 12:37:00,Android,12
S00519,U0183,2024-05-06 02:26:00,Web,20
S00520,U0386,2024-04-27 23:25:00,iOS,16
S00521,U0062,2024-06-04 06:02:00,Web,14
S00522,U0219,2024-05-16 19:58:00,Android,16
S00523,U0405,2024-02-02 15:57:00,Web,59
S00524,U0246,2024-01-19 03:14:00,Web,53
S00525,U0230,2024-03-14 02:54:00,iOS,49
S00526,U0079,2024-06-05 15:45:00,Web,43
S00527,U0149,2024-04-07 02:20:00,iOS,49
S00528,U0138,2024-05-08 15:29:00,Android,51
S00529,U0471,2024-04-02 03:58:00,Web,54
S00530,U0314,2024-02-17 04:04:00,Android,33
S00531,U0376,2024-03-04 22:20:00,Android,30
S00532,U0423,2024-06-05 04:54:00,Web,59
S00533,U0389,2024-05-07 14:15:00,iOS,12
S00534,U0065,2024-01-26 00:16:00,Android,15
S00535,U0013,2024-03-11 21:32:00,Android,18
S00536,U0213,2024-03-09 05:04:00,Web,28
S00537,U0474,2024-01-07 22:17:00,Web,23
S00538,U0242,2024-02-18 18:46:00,Web,14
S00539,U0493,2024-02-22 03:12:00,Web,30
S00540,U0213,2024-03-02 08:48:00,Web,33
S00541,U0181,2024-06-19 04:10:00,Web,45
S00542,U0338,2024-05-10 20:30:00,iOS,15
S00543,U0485,2024-01-29 06:55:00,Android,7
S00544,U0173,2024-01-26 23:23:00,iOS,15
S00545,U0160,2024-05-23 00:24:00,iOS,52
S00546,U0164,2024-02-23 11:07:00,Web,42
S00547,U0465,2024-03-13 10:31:00,Android,46
S00548,U0483,2024-02-25 18:36:00,iOS,38
S00549,U0497,2024-03-26 05:35:00,Web,46
S00550,U0188,2024-06-17 08:18:00,Web,56
S00551,U0395,2024-04-17 15:46:00,Android,57
S00552,U0191,2024-04-27 20:22:00,iOS,54
S00553,U0405,2024-06-05 05:38:00,iOS,44
S00554,U0308,2024-05-26 16:01:00,iOS,11
S00555,U0256,2024-06-17 07:08:00,Web,29
S00556,U0183,2024-01-15 14:58:00,Android,31
S00557,U0117,2024-05-18 15:41:00,Android,25
S00558,U0282,2024-01-30 00:56:00,iOS,52
S00559,U0196,2024-05-25 07:14:00,Web,54
S00560,U0034,2024-05-07 09:19:00,iOS,24
S00561,U0052,2024-05-15 08:53:00,Android,57
S00562,U0112,2024-01-06 11:55:00,Web,19
S00563,U0252,2024-04-13 04:51:00,iOS,2
S00564,U0082,2024-03-19 12:11:00,iOS,22
S00565,U0232,2024-04-25 13:44:00,Web,20
S00566,U0227,2024-02-18 11:24:00,Android,33
S00567,U0233,2024-03-22 13:53:00,Web,8
S00568,U0221,2024-03-17 09:16:00,iOS,25
S00569,U0436,2024-03-19 08:51:00,iOS,46
S00570,U0413,2024-05-02 05:22:00,iOS,9
S00571,U0422,2024-03-23 00:02:00,iOS,34
S00572,U0042,2024-03-04 00:39:00,Android,57
S00573,U0021,2024-02-28 15:50:00,Android,23
S00574,U0042,2024-03-02 10:43:00,iOS,5
S00575,U0397,2024-02-29 14:02:00,Android,55
S00576,U0113,2024-05-01 10:18:00,Android,25
S00577,U0105,2024-04-05 23:57:00,Android,8
S00578,U0192,2024-05-09 18:05:00,iOS,16
S00579,U0017,2024-02-18 15:04:00,Web,54
S00580,U0120,2024-04-01 11:10:00,Web,48
S00581,U0393,2024-05-03 05:16:00,Web,45
S00582,U0425,2024-02-17 23:52:00,iOS,52
S00583,U0129,2024-06-12 19:19:00,Android,15
S00584,U0130,2024-02-27 23:11:00,Android,1
S00585,U0060,2024-06-21 13:26:00,iOS,22
S00586,U0048,2024-02-27 22:58:00,iOS,3
S00587,U0029,2024-02-13 09:30:00,Web,38
S00588,U0097,2024-03-11 18:35:00,Web,54
S00589,U0010,2024-01-09 14:54:00,iOS,14
S00590,U0242,2024-05-13 15:24:00,Web,36
S00591,U0314,2024-05-24 23:43:00,Android,18
S00592,U0444,2024-05-10 14:17:00,iOS,47
S00593,U0232,2024-02-05 08:09:00,iOS,41
S00594,U0277,2024-03-02 15:37:00,Android,18
S00595,U0284,2024-03-16 21:32:00,Android,3
S00596,U0203,2024-01-11 00:53:00,Android,10
S00597,U0247,2024-01-16 10:15:00,Web,49
S00598,U0290,2024-02-28 17:43:00,iOS,39
S00599,U0264,2024-05-09 12:13:00,Web,47
S00600,U0443,2024-05-17 04:59:00,Android,1
S00601,U0214,2024-05-18 20:30:00,Web,27
S00602,U0200,2024-03-20 09:52:00,Android,57
S00603,U0433,2024-01-02 20:01:00,Web,27
S00604,U0079,2024-05-19 06:10:00,Web,11
S00605,U0401,2024-03-30 13:10:00,Android,49
S00606,U0444,2024-05-25 22:21:00,Web,5
S00607,U0343,2024-04-22 06:23:00,iOS,7
S00608,U0344,2024-03-02 08:24:00,Web,19
S00609,U0173,2024-06-14 20:45:00,Web,57
S00610,U0467,2024-03-01 19:12:00,iOS,56
S00611,U0069,2024-06-21 02:35:00,Android,29
S00612,U0416,2024-05-28 23:21:00,iOS,15
S00613,U0428,2024-04-19 15:22:00,Web,35
S00614,U0449,2024-04-09 15:02:00,Android,47
S00615,U0087,2024-01-22 16:38:00,Web,37
S00616,U0101,2024-05-11 14:46:00,Web,55
S00617,U0008,2024-03-10 22:43:00,iOS,12
S00618,U0333,2024-04-10 05:39:00,iOS,30
S00619,U0200,2024-06-09 06:31:00,Android,20
S00620,U0087,2024-01-01 09:34:00,Android,37
S00621,U0043,2024-01-22 18:13:00,Android,3
S00622,U0385,2024-05-04 06:44:00,Web,9
S00623,U0109,2024-04-05 13:47:00,iOS,58
S00624,U0435,2024-04-29 11:29:00,iOS,41
S00625,U0408,2024-06-24 15:01:00,iOS,39
S00626,U0483,2024-02-25 06:05:00,Android,26
S00627,U0152,2024-06-05 07:34:00,iOS,2
S00628,U0017,2024-04-13 01:16:00,iOS,23
S00629,U0133,2024-05-25 21:21:00,iOS,23
S00630,U0148,2024-01-08 05:30:00,Android,59
S00631,U0277,2024-05-04 11:27:00,iOS,21
S00632,U0232,2024-01-27 21:39:00,Android,16
S00633,U0314,2024-05-19 04:58:00,iOS,9
S00634,U0415,2024-01-31 18:34:00,iOS,13
S00635,U0366,2024-03-01 07:37:00,iOS,28
S00636,U0228,2024-04-18 14:18:00,Android,27
S00637,U0139,2024-06-11 05:50:00,Android,51
S00638,U0436,2024-05-22 23:43:00,iOS,52
S00639,U0399,2024-01-13 13:22:00,Web,17
S00640,U0211,2024-05-28 08:18:00,Android,38
S00641,U0391,2024-06-06 08:27:00,Android,36
S00642,U0499,2024-02-17 08:20:00,iOS,1
S00643,U0028,2024-02-04 09:57:00,Web,18
S00644,U0051,2024-06-14 23:58:00,iOS,51
S00645,U0491,2024-05-31 01:53:00,Android,9
S00646,U0442,2024-06-25 16:31:00,Android,13
S00647,U0261,2024-04-09 03:26:00,iOS,40
S00648,U0261,2024-04-08 08:34:00,iOS,55
S00649,U0350,2024-03-25 19:08:00,Web,45
S00650,U0352,2024-05-17 05:38:00,Web,15
S00651,U0008,2024-01-25 01:07:00,Android,43
S00652,U0320,2024-03-01 06:22:00,Web,44
S00653,U0138,2024-01-19 11:22:00,Web,46
S00654,U0038,2024-03-14 09:32:00,Android,4
S00655,U0111,2024-06-19 21:39:00,Android,33
S00656,U0480,2024-02-17 03:30:00,Android,24
S00657,U0368,2024-03-27 10:50:00,Android,36
S00658,U0220,2024-04-19 16:33:00,iOS,51
S00659,U0337,2024-01-28 20:14:00,Android,41
S00660,U0223,2024-02-28 15:00:00,Android,10
S00661,U0136,2024-02-20 12:59:00,Android,36
S00662,U0256,2024-02-19 18:56:00,Web,20
S00663,U0360,2024-06-18 17:17:00,Android,41
S00664,U0409,2024-02-01 03:08:00,iOS,45
S00665,U0329,2024-05-25 19:38:00,iOS,44
S00666,U0450,2024-02-24 11:33:00,Android,11
S00667,U0463,2024-04-29 07:50:00,iOS,12
S00668,U0434,2024-03-15 04:36:00,Web,18
S00669,U0451,2024-06-20 22:46:00,Android,30
S00670,U0049,2024-06-17 09:30:00,iOS,44
S00671,U0292,2024-03-29 16:40:00,iOS,48
S00672,U0382,2024-05-29 13:52:00,Android,37
S00673,U0324,2024-03-04 13:58:00,iOS,20
S00674,U0078,2024-01-04 03:12:00,Android,25
S00675,U0105,2024-05-22 10:15:00,iOS,12
S00676,U0169,2024-05-29 15:42:00,Web,21
S00677,U0217,2024-04-02 07:09:00,iOS,25
S00678,U0378,2024-05-21 23:47:00,iOS,11
S00679,U0119,2024-06-26 18:55:00,Android,9
S00680,U0190,2024-06-09 06:14:00,iOS,50
S00681,U0255,2024-02-28 17:46:00,Android,25
S00682,U0370,2024-01-12 21:59:00,Web,35
S00683,U0266,2024-04-27 08:51:00,Android,52
S00684,U0149,2024-06-14 10:42:00,Android,32
S00685,U0164,2024-06-04 20:07:00,iOS,49
S00686,U0140,2024-03-30 18:37:00,Web,14
S00687,U0347,2024-01-13 16:12:00,Android,1
S00688,U0488,2024-03-06 13:24:00,iOS,17
S00689,U0258,2024-06-25 12:21:00,iOS,25
S00690,U0374,2024-03-06 14:35:00,Android,59
S00691,U0269,2024-06-16 19:33:00,iOS,8
S00692,U0181,2024-05-27 17:11:00,Android,5
S00693,U0160,2024-01-29 04:55:00,Android,5
S00694,U0351,2024-06-06 10:39:00,Android,41
S00695,U0400,2024-03-24 10:27:00,Web,35
S00696,U0288,2024-05-23 15:41:00,Android,19
S00697,U0288,2024-03-02 08:38:00,iOS,23
S00698,U0380,2024-02-14 15:54:00,Web,9
S00699,U0226,2024-06-24 02:34:00,iOS,54
S00700,U0011,2024-03-28 21:19:00,Web,30
S00701,U0010,2024-03-13 15:30:00,Web,50
S00702,U0271,2024-06-27 03:31:00,Web,16
S00703,U0273,2024-02-06 20:57:00,Web,33
S00704,U0424,2024-04-28 13:44:00,iOS,2
S00705,U0402,2024-01-08 20:30:00,Android,14
S00706,U0183,2024-04-04 14:44:00,iOS,46
S00707,U0457,2024-04-19 04:35:00,Android,1
S00708,U0153,2024-05-03 22:12:00,iOS,26
S00709,U0488,2024-04-28 21:31:00,Web,58
S00710,U0315,2024-06-25 18:07:00,Web,25
S00711,U0334,2024-02-11 22:53:00,Android,16
S00712,U0124,2024-06-05 08:13:00,Android,15
S00713,U0473,2024-01-11 18:41:00,iOS,26
S00714,U0114,2024-06-26 18:14:00,Android,47
S00715,U0278,2024-04-17 09:29:00,iOS,44
S00716,U0500,2024-02-03 12:42:00,Android,16
S00717,U0414,2024-01-20 00:49:00,Android,14
S00718,U0468,2024-04-11 12:07:00,Android,29
S00719,U0213,2024-05-17 15:27:00,Web,24
S00720,U0172,2024-02-21 13:02:00,Web,47
S00721,U0288,2024-03-24 09:43:00,iOS,55
S00722,U0435,2024-02-09 03:55:00,Android,15
S00723,U0174,2024-02-25 05:59:00,iOS,19
S00724,U0113,2024-05-18 01:49:00,Android,8
S00725,U0376,2024-05-15 18:36:00,Web,34
S00726,U0405,2024-04-03 09:27:00,Web,2
S00727,U0483,2024-02-29 10:49:00,Android,27
S00728,U0122,2024-02-08 17:52:00,Android,10
S00729,U0032,2024-06-12 10:36:00,Web,35
S00730,U0222,2024-01-13 00:35:00,Web,23
S00731,U0119,2024-04-10 18:29:00,iOS,49
S00732,U0039,2024-01-04 20:46:00,Web,8
S00733,U0497,2024-03-22 02:45:00,Android,28
S00734,U0268,2024-05-06 23:19:00,iOS,23
S00735,U0233,2024-01-22 00:30:00,Android,4
S00736,U0431,2024-04-28 00:10:00,iOS,14
S00737,U0018,2024-02-15 01:35:00,Android,53
S00738,U0149,2024-01-10 19:11:00,Web,42
S00739,U0397,2024-05-31 22:58:00,Android,29
S00740,U0149,2024-06-20 18:55:00,iOS,1
S00741,U0126,2024-02-29 22:46:00,Android,4
S00742,U0392,2024-05-24 18:08:00,iOS,32
S00743,U0302,2024-02-26 01:45:00,Android,33
S00744,U0360,2024-01-09 13:09:00,Web,49
S00745,U0238,2024-05-20 18:32:00,Web,26
S00746,U0135,2024-06-24 08:49:00,Android,17
S00747,U0151,2024-04-24 16:11:00,Android,39
S00748,U0236,2024-06-16 23:42:00,Android,23
S00749,U0224,2024-04-15 21:34:00,iOS,32
S00750,U0203,2024-03-03 11:18:00,Android,52
S00751,U0256,2024-01-13 14:08:00,Android,15
S00752,U0086,2024-02-01 06:32:00,iOS,13
S00753,U0150,2024-02-09 10:59:00,Web,2
S00754,U0235,2024-03-22 14:04:00,Android,19
S00755,U0345,2024-03-16 17:41:00,Android,24
S00756,U0022,2024-03-11 12:40:00,Web,45
S00757,U0348,2024-02-17 17:21:00,Web,24
S00758,U0285,2024-05-23 03:06:00,iOS,11
S00759,U0269,2024-03-29 03:43:00,Android,59
S00760,U0466,2024-03-02 08:07:00,Android,22
S00761,U0258,2024-05-20 14:36:00,iOS,15
S00762,U0029,2024-03-21 20:52:00,Web,10
S00763,U0213,2024-05-13 16:18:00,iOS,41
S00764,U0463,2024-03-17 16:56:00,Web,27
S00765,U0436,2024-03-30 04:29:00,iOS,9
S00766,U0283,2024-04-04 05:09:00,Web,52
S00767,U0050,2024-05-11 18:15:00,iOS,28
S00768,U0095,2024-01-25 14:04:00,Web,1
S00769,U0463,2024-06-08 20:10:00,Web,17
S00770,U0499,2024-06-14 01:59:00,Web,31
S00771,U0407,2024-02-22 23:55:00,Web,44
S00772,U0088,2024-05-10 21:00:00,Web,10
S00773,U0044,2024-05-29 10:07:00,Android,37
S00774,U0461,2024-06-14 11:51:00,Web,29
S00775,U0278,2024-03-12 03:04:00,Android,18
S00776,U0171,2024-01-06 20:29:00,Web,47
S00777,U0421,2024-02-01 15:05:00,Android,38
S00778,U0189,2024-05-10 11:38:00,Android,39
S00779,U0353,2024-03-16 20:00:00,iOS,49
S00780,U0184,2024-02-28 05:48:00,Web,6
S00781,U0003,2024-03-09 05:07:00,iOS,40
S00782,U0191,2024-03-29 19:10:00,iOS,12
S00783,U0118,2024-06-17 04:46:00,Web,53
S00784,U0019,2024-03-24 06:22:00,iOS,14
S00785,U0023,2024-05-29 06:27:00,Web,44
S00786,U0413,2024-01-13 10:38:00,iOS,55
S00787,U0030,2024-06-18 04:35:00,Web,10
S00788,U0295,2024-03-21 15:31:00,Web,54
S00789,U0108,2024-05-08 15:10:00,Web,20
S00790,U0367,2024-01-17 18:01:00,Android,15
S00791,U0281,2024-03-12 01:48:00,iOS,31
S00792,U0128,2024-01-23 05:27:00,Android,7
S00793,U0229,2024-01-08 05:14:00,iOS,58
S00794,U0111,2024-04-20 11:38:00,iOS,41
S00795,U0136,2024-01-13 20:52:00,iOS,10
S00796,U0362,2024-06-04 21:35:00,Android,10
S00797,U0186,2024-04-28 17:05:00,iOS,48
S00798,U0144,2024-05-24 21:49:00,Android,39
S00799,U0072,2024-04-12 00:12:00,Web,28
S00800,U0129,2024-04-05 08:17:00,iOS,30
S00801,U0364,2024-04-03 22:41:00,iOS,37
S00802,U0261,2024-01-13 19:54:00,Web,55
S00803,U0003,2024-04-03 11:00:00,Web,3
S00804,U0449,2024-04-21 14:08:00,iOS,50
S00805,U0388,2024-06-16 10:27:00,Web,43
S00806,U0104,2024-05-22 20:24:00,Android,15
S00807,U0483,2024-06-28 11:53:00,Android,21
S00808,U0224,2024-04-17 07:58:00,iOS,52
S00809,U0320,2024-02-22 07:50:00,Android,37
S00810,U0362,2024-05-07 15:25:00,Android,56
S00811,U0354,2024-06-09 05:07:00,iOS,12
S00812,U0491,2024-05-16 23:10:00,Web,4
S00813,U0473,2024-01-01 17:47:00,iOS,47
S00814,U0010,2024-03-15 18:41:00,Android,9
S00815,U0405,2024-01-09 02:19:00,iOS,39
S00816,U0384,2024-05-15 01:11:00,iOS,42
S00817,U0302,2024-06-03 20:13:00,Android,28
S00818,U0231,2024-01-12 22:24:00,Android,23
S00819,U0219,2024-04-16 20:55:00,iOS,45
S00820,U0411,2024-02-11 14:42:00,Android,40
S00821,U0066,2024-05-18 10:14:00,Android,44
S00822,U0425,2024-06-19 14:22:00,Android,22
S00823,U0112,2024-01-17 06:55:00,Android,24
S00824,U0013,2024-03-25 07:03:00,Android,51
S00825,U0393,2024-05-30 06:29:00,Android,58
S00826,U0500,2024-03-26 15:45:00,Web,26
S00827,U0420,2024-04-11 08:12:00,iOS,30
S00828,U0086,2024-02-23 20:56:00,Android,33
S00829,U0234,2024-06-25 03:46:00,iOS,16
S00830,U0090,2024-04-24 02:18:00,Web,22
S00831,U0314,2024-03-28 13:36:00,Android,49
S00832,U0054,2024-05-28 18:58:00,iOS,57
S00833,U0012,2024-03-03 01:43:00,Android,50
S00834,U0209,2024-03-23 14:30:00,Android,43
S00835,U0462,2024-06-04 04:32:00,Android,18
S00836,U0014,2024-01-06 19:30:00,Android,7
S00837,U0121,2024-01-28 19:02:00,Android,50
S00838,U0418,2024-02-06 23:14:00,Android,26
S00839,U0437,2024-03-08 20:41:00,Android,8
S00840,U0377,2024-06-25 22:02:00,Web,6
S00841,U0020,2024-06-12 00:57:00,Web,30
S00842,U0075,2024-01-13 05:07:00,Android,39
S00843,U0400,2024-02-27 21:51:00,Android,23
S00844,U0243,2024-04-14 20:51:00,Web,32
S00845,U0223,2024-03-23 20:09:00,Web,22
S00846,U0070,2024-04-08 13:15:00,Web,42
S00847,U0312,2024-05-08 03:29:00,Android,43
S00848,U0211,2024-02-17 10:08:00,iOS,57
S00849,U0101,2024-04-23 14:59:00,iOS,45
S00850,U0186,2024-06-14 15:22:00,iOS,9
S00851,U0132,2024-05-16 06:06:00,iOS,31
S00852,U0111,2024-05-23 03:03:00,Android,7
S00853,U0381,2024-03-16 21:50:00,iOS,9
S00854,U0132,2024-04-28 10:53:00,Web,13
S00855,U0020,2024-01-25 13:21:00,Web,58
S00856,U0394,2024-03-07 21:13:00,iOS,3
S00857,U0024,2024-05-31 08:29:00,Web,35
S00858,U0227,2024-04-27 16:41:00,Android,33
S00859,U0154,2024-03-13 21:45:00,iOS,21
S00860,U0293,2024-05-27 23:03:00,iOS,31
S00861,U0230,2024-01-10 20:34:00,Android,52
S00862,U0469,2024-03-07 02:31:00,Web,34
S00863,U0310,2024-01-05 20:18:00,Android,32
S00864,U0488,2024-01-27 07:43:00,Android,57
S00865,U0359,2024-04-22 04:30:00,Web,35
S00866,U0405,2024-06-11 07:39:00,Android,15
S00867,U0202,2024-04-14 21:45:00,Web,56
S00868,U0038,2024-06-23 02:41:00,Web,32
S00869,U0430,2024-04-04 07:13:00,Android,6
S00870,U0260,2024-03-24 02:19:00,Web,45
S00871,U0188,2024-05-11 01:26:00,Android,21
S00872,U0057,2024-06-24 03:02:00,Web,33
S00873,U0429,2024-04-21 02:08:00,iOS,32
S00874,U0020,2024-03-29 11:09:00,Web,52
S00875,U0273,2024-05-10 23:21:00,Web,19
S00876,U0119,2024-05-28 16:24:00,Android,33
S00877,U0071,2024-03-24 10:27:00,Web,28
S00878,U0004,2024-04-25 04:53:00,iOS,31
S00879,U0221,2024-05-22 04:09:00,iOS,21
S00880,U0014,2024-04-19 15:47:00,Web,54
S00881,U0003,2024-02-15 17:28:00,Web,34
S00882,U0216,2024-01-21 16:23:00,iOS,15
S00883,U0229,2024-04-30 14:49:00,Android,14
S00884,U0336,2024-05-12 01:09:00,iOS,19
S00885,U0186,2024-04-22 14:34:00,iOS,43
S00886,U0055,2024-04-21 23:07:00,Web,15
S00887,U0500,2024-02-16 07:50:00,Web,6
S00888,U0388,2024-03-31 08:49:00,iOS,52
S00889,U0376,2024-05-28 12:18:00,Android,9
S00890,U0254,2024-04-13 03:11:00,iOS,37
S00891,U0024,2024-02-09 21:05:00,iOS,20
S00892,U0162,2024-05-17 05:44:00,Android,34
S00893,U0158,2024-06-28 16:48:00,iOS,38
S00894,U0082,2024-03-01 03:11:00,iOS,26
S00895,U0403,2024-01-05 21:00:00,Web,18
S00896,U0159,2024-02-24 09:08:00,Android,28
S00897,U0188,2024-02-25 07:22:00,Web,55
S00898,U0060,2024-04-11 20:20:00,Web,51
S00899,U0403,2024-03-13 12:31:00,Android,9
S00900,U0305,2024-01-02 05:59:00,Android,32
S00901,U0319,2024-02-20 00:29:00,iOS,59
S00902,U0366,2024-01-11 01:47:00,Web,53
S00903,U0211,2024-03-16 11:56:00,Android,56
S00904,U0406,2024-05-02 15:59:00,Web,59
S00905,U0152,2024-05-04 12:11:00,Web,6
S00906,U0109,2024-05-01 10:05:00,Android,14
S00907,U0076,2024-04-12 11:37:00,iOS,28
S00908,U0030,2024-06-10 21:10:00,Web,58
S00909,U0314,2024-01-31 14:16:00,Android,24
S00910,U0486,2024-03-16 14:56:00,iOS,13
S00911,U0117,2024-01-22 09:11:00,Web,43
S00912,U0415,2024-04-10 01:50:00,Android,12
S00913,U0356,2024-05-08 12:40:00,Web,51
S00914,U0192,2024-06-18 06:44:00,Android,19
S00915,U0019,2024-03-19 20:32:00,Android,21
S00916,U0432,2024-01-22 11:17:00,Web,27
S00917,U0173,2024-04-08 20:31:00,Web,58
S00918,U0228,2024-01-08 11:41:00,Android,19
S00919,U0350,2024-06-23 08:48:00,iOS,24
S00920,U0183,2024-03-30 10:56:00,Web,26
S00921,U0113,2024-06-14 14:08:00,Android,45
S00922,U0183,2024-03-18 07:08:00,Android,28
S00923,U0481,2024-01-06 02:42:00,iOS,46
S00924,U0146,2024-04-19 21:02:00,iOS,56
S00925,U0319,2024-03-12 10:54:00,iOS,18
S00926,U0116,2024-02-23 04:28:00,Web,44
S00927,U0113,2024-06-07 21:08:00,Android,36
S00928,U0251,2024-06-11 18:03:00,Android,42
S00929,U0476,2024-01-06 16:21:00,Android,29
S00930,U0251,2024-02-27 06:46:00,iOS,17
S00931,U0303,2024-06-10 00:25:00,Android,4
S00932,U0459,2024-02-16 17:08:00,Web,44
S00933,U0313,2024-01-20 06:29:00,iOS,45
S00934,U0118,2024-02-28 12:33:00,iOS,59
S00935,U0301,2024-05-25 23:31:00,iOS,29
S00936,U0161,2024-01-17 21:12:00,iOS,4
S00937,U0401,2024-01-14 00:12:00,Web,10
S00938,U0198,2024-05-14 06:23:00,Android,25
S00939,U0260,2024-02-13 14:46:00,Web,31
S00940,U0148,2024-05-22 00:18:00,Android,3
S00941,U0240,2024-03-03 12:30:00,Web,47
S00942,U0047,2024-06-11 22:40:00,iOS,2
S00943,U0475,2024-06-11 02:01:00,iOS,57
S00944,U0399,2024-06-24 00:43:00,Web,25
S00945,U0198,2024-04-13 22:20:00,Web,49
S00946,U0047,2024-05-04 02:24:00,Android,6
S00947,U0078,2024-03-11 06:02:00,Web,26
S00948,U0124,2024-02-19 18:08:00,Web,8
S00949,U0075,2024-04-08 13:19:00,Android,35
S00950,U0359,2024-06-12 19:24:00,Android,27
S00951,U0137,2024-02-27 19:11:00,Android,25
S00952,U0090,2024-05-21 14:39:00,Web,18
S00953,U0400,2024-03-08 13:27:00,Android,54
S00954,U0325,2024-05-23 20:13:00,iOS,1
S00955,U0500,2024-05-11 07:08:00,iOS,48
S00956,U0061,2024-03-30 21:47:00,iOS,39
S00957,U0138,2024-04-05 03:56:00,Web,3
S00958,U0050,2024-01-31 12:50:00,iOS,55
S00959,U0259,2024-05-15 13:11:00,Web,4
S00960,U0461,2024-01-15 02:50:00,Web,41
S00961,U0107,2024-06-07 03:20:00,iOS,37
S00962,U0113,2024-02-14 16:01:00,Android,51
S00963,U0350,2024-01-08 09:42:00,Web,15
S00964,U0254,2024-04-17 06:10:00,iOS,8
S00965,U0118,2024-04-12 16:41:00,Web,38
S00966,U0493,2024-05-04 22:16:00,Android,50
S00967,U0198,2024-01-30 20:53:00,Android,19
S00968,U0337,2024-05-25 14:41:00,iOS,56
S00969,U0365,2024-04-26 12:12:00,Web,47
S00970,U0051,2024-06-15 09:31:00,Web,26
S00971,U0245,2024-04-07 02:50:00,Web,39
S00972,U0403,2024-05-05 02:52:00,Web,10
S00973,U0426,2024-05-30 07:32:00,iOS,38
S00974,U0035,2024-04-03 08:13:00,Android,14
S00975,U0302,2024-04-17 17:07:00,iOS,49
S00976,U0410,2024-04-02 15:18:00,Web,41
S00977,U0499,2024-01-06 04:47:00,Web,19
S00978,U0069,2024-04-15 19:29:00,Android,30
S00979,U0349,2024-01-15 10:07:00,Web,5
S00980,U0320,2024-01-06 10:23:00,iOS,55
S00981,U0421,2024-04-29 07:26:00,iOS,31
S00982,U0468,2024-03-07 18:49:00,Android,7
S00983,U0049,2024-05-18 13:30:00,iOS,19
S00984,U0405,2024-05-24 18:39:00,iOS,31
S00985,U0074,2024-05-11 15:58:00,iOS,52
S00986,U0192,2024-03-21 13:28:00,iOS,58
S00987,U0261,2024-05-12 06:55:00,Web,39
S00988,U0356,2024-02-04 20:16:00,iOS,24
S00989,U0070,2024-05-29 12:38:00,Android,34
S00990,U0090,2024-01-11 16:12:00,Android,57
S00991,U0260,2024-01-03 23:36:00,iOS,23
S00992,U0126,2024-02-29 01:15:00,Android,48
S00993,U0231,2024-03-27 21:33:00,iOS,45
S00994,U0295,2024-01-18 01:52:00,Android,40
S00995,U0498,2024-03-13 11:53:00,Android,6
S00996,U0419,2024-03-23 02:04:00,iOS,38
S00997,U0129,2024-06-23 18:12:00,iOS,41
S00998,U0280,2024-02-16 14:43:00,Web,36
S00999,U0313,2024-01-30 04:40:00,iOS,27
S01000,U0100,2024-06-04 21:00:00,iOS,11
S01001,U0326,2024-04-21 08:14:00,Web,5
S01002,U0297,2024-01-25 11:57:00,iOS,57
S01003,U0182,2024-02-27 10:05:00,iOS,17
S01004,U0174,2024-04-28 10:38:00,Web,52
S01005,U0316,2024-06-17 17:28:00,iOS,7
S01006,U0364,2024-03-18 22:58:00,iOS,27
S01007,U0188,2024-04-25 00:47:00,Web,47
S01008,U0057,2024-01-10 01:38:00,Web,57
S01009,U0031,2024-01-11 06:44:00,Android,15
S01010,U0084,2024-06-21 15:02:00,iOS,46
S01011,U0152,2024-05-05 04:17:00,Android,13
S01012,U0473,2024-03-16 02:00:00,Android,11
S01013,U0036,2024-02-11 16:17:00,Web,45
S01014,U0213,2024-02-23 16:58:00,iOS,26
S01015,U0414,2024-03-15 13:03:00,iOS,22
S01016,U0408,2024-01-18 08:02:00,Web,28
S01017,U0364,2024-03-30 10:55:00,Android,24
S01018,U0106,2024-01-06 15:52:00,Web,29
S01019,U0414,2024-04-17 08:10:00,iOS,9
S01020,U0342,2024-06-23 03:58:00,Web,42
S01021,U0220,2024-02-17 04:57:00,iOS,4
S01022,U0391,2024-03-16 22:36:00,Android,49
S01023,U0163,2024-05-11 16:38:00,iOS,46
S01024,U0439,2024-05-09 13:46:00,Android,56
S01025,U0220,2024-06-03 04:42:00,Android,18
S01026,U0270,2024-03-19 01:11:00,iOS,43
S01027,U0120,2024-01-07 11:42:00,iOS,16
S01028,U0394,2024-04-20 09:34:00,Android,33
S01029,U0336,2024-05-03 00:11:00,Web,29
S01030,U0400,2024-05-20 00:16:00,iOS,39
S01031,U0182,2024-03-03 04:12:00,Android,10
S01032,U0479,2024-04-29 16:20:00,Android,9
S01033,U0106,2024-01-08 01:29:00,Web,59
S01034,U0217,2024-02-05 13:15:00,iOS,31
S01035,U0205,2024-04-27 19:58:00,Android,28
S01036,U0070,2024-03-16 15:25:00,Web,57
S01037,U0044,2024-05-30 06:39:00,Android,3
S01038,U0329,2024-01-14 16:09:00,iOS,54
S01039,U0301,2024-03-11 20:03:00,Web,55
S01040,U0228,2024-05-03 23:24:00,Android,14
S01041,U0184,2024-02-06 13:16:00,Web,58
S01042,U0107,2024-05-22 03:47:00,iOS,25
S01043,U0084,2024-06-23 07:40:00,Web,15
S01044,U0338,2024-04-15 17:24:00,iOS,2
S01045,U0250,2024-03-04 02:44:00,Android,24
S01046,U0363,2024-01-27 22:14:00,iOS,14
S01047,U0441,2024-01-29 04:40:00,Android,48
S01048,U0021,2024-03-10 13:50:00,Android,7
S01049,U0196,2024-06-12 15:17:00,iOS,36
S01050,U0178,2024-01-16 19:29:00,Android,50
S01051,U0417,2024-04-09 17:33:00,Web,24
S01052,U0475,2024-02-14 07:50:00,Android,27
S01053,U0007,2024-02-03 10:52:00,iOS,37
S01054,U0070,2024-06-19 13:49:00,Web,38
S01055,U0127,2024-04-27 03:40:00,Web,30
S01056,U0399,2024-04-09 08:53:00,Android,27
S01057,U0466,2024-06-28 23:10:00,Android,39
S01058,U0160,2024-06-12 14:00:00,iOS,15
S01059,U0248,2024-05-26 09:41:00,Web,26
S01060,U0203,2024-04-25 03:58:00,iOS,1
S01061,U0148,2024-03-19 07:20:00,Android,56
S01062,U0472,2024-05-27 17:12:00,Web,4
S01063,U0143,2024-02-01 06:27:00,iOS,29
S01064,U0432,2024-02-19 15:15:00,iOS,57
S01065,U0199,2024-03-27 10:37:00,iOS,1
S01066,U0405,2024-03-15 04:37:00,iOS,43
S01067,U0426,2024-03-08 16:28:00,iOS,50
S01068,U0154,2024-02-13 09:48:00,Web,46
S01069,U0492,2024-02-11 10:48:00,iOS,22
S01070,U0376,2024-04-15 02:14:00,Web,11
S01071,U0384,2024-03-08 19:30:00,iOS,10
S01072,U0142,2024-06-07 06:23:00,Android,59
S01073,U0313,2024-06-11 07:20:00,Android,17
S01074,U0165,2024-03-25 20:12:00,iOS,36
S01075,U0314,2024-06-07 22:42:00,Android,56
S01076,U0021,2024-04-04 20:04:00,Web,47
S01077,U0082,2024-02-01 03:06:00,iOS,26
S01078,U0069,2024-04-25 19:21:00,Web,48
S01079,U0131,2024-05-09 03:13:00,iOS,21
S01080,U0087,2024-02-29 02:23:00,Android,13
S01081,U0218,2024-01-16 22:05:00,Web,9
S01082,U0421,2024-06-15 04:04:00,Android,11
S01083,U0472,2024-06-07 18:50:00,Android,11
S01084,U0305,2024-03-28 02:08:00,iOS,6
S01085,U0403,2024-05-18 14:46:00,Web,1
S01086,U0371,2024-03-25 00:03:00,Android,54
S01087,U0345,2024-03-11 23:53:00,iOS,6
S01088,U0341,2024-04-20 05:05:00,iOS,13
S01089,U0384,2024-05-19 10:06:00,iOS,22
S01090,U0396,2024-04-01 16:31:00,Android,56
S01091,U0445,2024-03-05 09:18:00,iOS,31
S01092,U0425,2024-04-15 11:50:00,Web,22
S01093,U0161,2024-05-09 18:51:00,Web,37
S01094,U0178,2024-01-19 06:49:00,Android,47
S01095,U0117,2024-02-09 13:37:00,Web,27
S01096,U0196,2024-06-19 22:34:00,iOS,50
S01097,U0383,2024-01-12 03:14:00,Android,52
S01098,U0490,2024-01-27 14:40:00,iOS,14
S01099,U0327,2024-02-18 10:55:00,Android,47
S01100,U0086,2024-05-09 22:19:00,Android,58
S01101,U0289,2024-01-30 18:39:00,iOS,5
S01102,U0081,2024-05-04 12:57:00,Web,58
S01103,U0152,2024-02-11 13:27:00,Web,36
S01104,U0061,2024-03-17 16:55:00,Android,32
S01105,U0061,2024-04-14 23:17:00,iOS,34
S01106,U0354,2024-02-11 05:02:00,iOS,7
S01107,U0028,2024-06-13 21:09:00,Android,42
S01108,U0442,2024-01-22 03:04:00,Web,48
S01109,U0043,2024-04-16 21:46:00,iOS,10
S01110,U0169,2024-02-10 05:35:00,Web,50
S01111,U0423,2024-06-10 19:43:00,Web,17
S01112,U0086,2024-03-29 22:25:00,Android,30
S01113,U0177,2024-01-12 18:16:00,Android,21
S01114,U0017,2024-03-16 03:20:00,Web,13
S01115,U0098,2024-01-10 08:24:00,iOS,1
S01116,U0454,2024-06-24 13:07:00,iOS,1
S01117,U0494,2024-02-08 00:59:00,Android,47
S01118,U0198,2024-03-06 05:20:00,Web,33
S01119,U0098,2024-06-27 23:51:00,iOS,38
S01120,U0065,2024-06-03 23:29:00,iOS,25
S01121,U0330,2024-06-07 09:28:00,Android,26
S01122,U0341,2024-03-18 20:17:00,Web,13
S01123,U0005,2024-01-29 08:46:00,iOS,59
S01124,U0002,2024-01-12 10:12:00,Android,28
S01125,U0022,2024-06-04 22:43:00,iOS,33
S01126,U0112,2024-05-04 14:30:00,iOS,37
S01127,U0057,2024-01-24 15:16:00,iOS,41
S01128,U0066,2024-05-17 10:21:00,Android,30
S01129,U0330,2024-03-18 11:13:00,Web,57
S01130,U0098,2024-05-07 05:13:00,Android,49
S01131,U0144,2024-03-16 19:33:00,Web,48
S01132,U0368,2024-02-05 17:25:00,iOS,8
S01133,U0435,2024-05-06 14:07:00,Web,49
S01134,U0125,2024-04-09 07:19:00,iOS,47
S01135,U0167,2024-04-05 15:40:00,iOS,56
S01136,U0086,2024-06-12 02:27:00,Android,1
S01137,U0076,2024-01-18 04:53:00,iOS,12
S01138,U0344,2024-05-30 07:59:00,Android,5
S01139,U0495,2024-04-18 02:02:00,Web,24
S01140,U0424,2024-05-23 11:38:00,Web,6
S01141,U0294,2024-05-28 18:47:00,iOS,25
S01142,U0444,2024-05-19 15:11:00,Android,1
S01143,U0059,2024-03-21 16:44:00,iOS,25
S01144,U0138,2024-03-27 19:25:00,Android,1
S01145,U0099,2024-03-01 23:44:00,Android,32
S01146,U0192,2024-06-17 22:13:00,Android,42
S01147,U0243,2024-02-13 10:09:00,Web,42
S01148,U0319,2024-01-05 01:48:00,Android,3
S01149,U0049,2024-01-27 06:11:00,Web,49
S01150,U0448,2024-03-27 10:15:00,Android,19
S01151,U0032,2024-05-02 03:25:00,Web,43
S01152,U0391,2024-03-19 00:42:00,Web,29
S01153,U0277,2024-04-06 21:08:00,Web,50
S01154,U0020,2024-01-31 22:58:00,iOS,2
S01155,U0154,2024-01-17 07:55:00,Android,9
S01156,U0383,2024-03-23 18:53:00,iOS,56
S01157,U0068,2024-02-01 15:35:00,Android,17
S01158,U0366,2024-05-20 04:10:00,Android,46
S01159,U0372,2024-02-04 20:24:00,iOS,36
S01160,U0214,2024-01-29 05:25:00,Web,17
S01161,U0143,2024-06-01 13:56:00,Android,49
S01162,U0376,2024-03-29 01:11:00,Web,12
S01163,U0232,2024-05-08 15:39:00,iOS,20
S01164,U0213,2024-03-27 10:07:00,Web,50
S01165,U0079,2024-03-15 09:25:00,Android,3
S01166,U0214,2024-03-28 00:53:00,Android,43
S01167,U0116,2024-01-16 10:10:00,Android,57
S01168,U0092,2024-01-20 03:12:00,iOS,50
S01169,U0270,2024-05-06 00:57:00,Android,4
S01170,U0411,2024-04-20 02:08:00,iOS,17
S01171,U0381,2024-03-21 11:45:00,Web,50
S01172,U0489,2024-06-05 14:11:00,Android,37
S01173,U0168,2024-03-10 00:07:00,Android,46
S01174,U0058,2024-01-29 18:55:00,Android,42
S01175,U0284,2024-06-27 02:10:00,Web,15
S01176,U0026,2024-06-11 11:48:00,Android,33
S01177,U0369,2024-04-17 20:27:00,iOS,16
S01178,U0447,2024-04-18 04:35:00,Web,11
S01179,U0066,2024-03-13 04:02:00,Web,55
S01180,U0409,2024-01-19 18:45:00,Web,20
S01181,U0248,2024-06-21 02:50:00,Web,38
S01182,U0254,2024-05-20 03:07:00,Web,24
S01183,U0387,2024-03-26 00:51:00,iOS,54
S01184,U0456,2024-04-20 14:36:00,Web,16
S01185,U0044,2024-03-26 17:46:00,Android,30
S01186,U0097,2024-02-11 14:17:00,Web,34
S01187,U0042,2024-04-24 17:29:00,Web,1
S01188,U0500,2024-05-30 04:58:00,Web,24
S01189,U0227,2024-03-17 15:23:00,Web,24
S01190,U0262,2024-05-16 17:23:00,Web,9
S01191,U0167,2024-02-08 07:14:00,iOS,22
S01192,U0436,2024-01-12 20:30:00,iOS,12
S01193,U0279,2024-01-11 11:05:00,Web,17
S01194,U0089,2024-02-11 06:50:00,iOS,25
S01195,U0379,2024-01-11 13:25:00,Android,28
S01196,U0178,2024-04-07 07:06:00,Web,15
S01197,U0427,2024-01-19 15:01:00,Android,30
S01198,U0403,2024-06-22 12:21:00,Android,51
S01199,U0197,2024-04-22 20:43:00,Web,27
S01200,U0307,2024-03-05 20:55:00,Android,22
S01201,U0267,2024-03-12 00:51:00,Android,10
S01202,U0268,2024-04-27 06:15:00,Android,58
S01203,U0074,2024-01-07 04:26:00,Web,31
S01204,U0008,2024-04-12 22:20:00,Web,27
S01205,U0408,2024-03-08 10:51:00,Android,12
S01206,U0476,2024-06-19 00:45:00,Web,46
S01207,U0297,2024-02-22 09:59:00,Web,31
S01208,U0164,2024-04-30 21:32:00,Android,32
S01209,U0485,2024-03-29 06:20:00,Web,32
S01210,U0085,2024-04-27 01:55:00,iOS,41
S01211,U0072,2024-04-27 04:19:00,Web,59
S01212,U0055,2024-03-15 05:04:00,iOS,45
S01213,U0393,2024-01-07 06:05:00,Android,35
S01214,U0047,2024-05-01 08:42:00,Web,53
S01215,U0399,2024-04-01 20:38:00,Android,46
S01216,U0432,2024-06-21 13:10:00,Android,21
S01217,U0238,2024-01-28 12:26:00,Android,10
S01218,U0104,2024-04-20 05:12:00,Android,16
S01219,U0210,2024-01-26 15:20:00,Android,7
S01220,U0042,2024-02-23 14:24:00,Web,4
S01221,U0316,2024-06-12 13:01:00,iOS,27
S01222,U0468,2024-03-18 13:17:00,Web,52
S01223,U0454,2024-04-01 04:32:00,Web,55
S01224,U0268,2024-06-06 08:19:00,Web,25
S01225,U0386,2024-04-02 11:24:00,Web,31
S01226,U0263,2024-03-19 10:21:00,iOS,11
S01227,U0336,2024-06-27 05:57:00,Web,48
S01228,U0387,2024-04-15 08:26:00,Android,20
S01229,U0365,2024-02-16 20:04:00,Web,36
S01230,U0259,2024-03-04 21:09:00,Web,54
S01231,U0283,2024-06-14 22:23:00,iOS,54
S01232,U0114,2024-03-27 03:36:00,iOS,55
S01233,U0363,2024-01-07 21:41:00,Android,17
S01234,U0040,2024-03-21 16:48:00,Web,45
S01235,U0486,2024-06-17 05:29:00,Web,11
S01236,U0417,2024-05-17 06:30:00,Web,30
S01237,U0220,2024-05-04 22:09:00,Android,35
S01238,U0129,2024-02-21 11:12:00,iOS,41
S01239,U0008,2024-01-01 15:48:00,Android,38
S01240,U0101,2024-06-10 15:12:00,Web,22
S01241,U0416,2024-05-11 07:06:00,iOS,53
S01242,U0380,2024-01-04 01:10:00,iOS,43
S01243,U0176,2024-06-26 07:36:00,Android,48
S01244,U0107,2024-02-04 15:19:00,iOS,51
S01245,U0101,2024-02-05 12:35:00,iOS,27
S01246,U0260,2024-05-02 21:46:00,Web,37
S01247,U0478,2024-02-01 06:16:00,Web,46
S01248,U0454,2024-05-25 19:39:00,iOS,49
S01249,U0366,2024-06-05 08:47:00,iOS,35
S01250,U0246,2024-04-08 09:18:00,Android,4
S01251,U0275,2024-01-31 04:19:00,Android,16
S01252,U0032,2024-06-13 05:03:00,iOS,16
S01253,U0137,2024-06-22 17:42:00,Web,21
S01254,U0012,2024-05-11 09:01:00,iOS,26
S01255,U0395,2024-06-06 21:41:00,iOS,57
S01256,U0302,2024-03-06 01:47:00,Web,36
S01257,U0375,2024-01-12 03:41:00,Web,19
S01258,U0016,2024-02-05 18:33:00,Android,58
S01259,U0129,2024-01-01 06:22:00,Android,17
S01260,U0063,2024-03-30 09:58:00,Android,45
S01261,U0109,2024-03-30 06:29:00,Android,26
S01262,U0375,2024-03-10 17:47:00,Web,22
S01263,U0021,2024-05-31 09:57:00,iOS,55
S01264,U0158,2024-01-19 18:44:00,Android,58
S01265,U0269,2024-05-25 10:06:00,Android,56
S01266,U0162,2024-04-10 00:32:00,Web,28
S01267,U0260,2024-01-12 14:21:00,Web,1
S01268,U0412,2024-06-03 15:04:00,iOS,44
S01269,U0102,2024-05-28 14:03:00,iOS,36
S01270,U0223,2024-01-29 19:44:00,Web,43
S01271,U0059,2024-04-26 04:30:00,Android,37
S01272,U0247,2024-01-02 02:51:00,Android,2
S01273,U0128,2024-01-18 04:18:00,Android,17
S01274,U0283,2024-05-14 07:01:00,iOS,40
S01275,U0325,2024-06-13 20:09:00,Android,38
S01276,U0025,2024-06-09 06:03:00,Android,21
S01277,U0131,2024-04-04 06:17:00,Web,9
S01278,U0353,2024-01-11 09:39:00,Android,13
S01279,U0196,2024-05-02 12:01:00,Web,11
S01280,U0281,2024-04-22 18:41:00,Android,16
S01281,U0404,2024-04-02 00:21:00,iOS,16
S01282,U0418,2024-06-20 06:22:00,Android,59
S01283,U0154,2024-05-13 17:28:00,Android,2
S01284,U0382,2024-03-25 02:23:00,Web,42
S01285,U0133,2024-04-04 23:55:00,Web,44
S01286,U0227,2024-06-27 07:12:00,Web,8
S01287,U0189,2024-01-09 15:53:00,Android,43
S01288,U0476,2024-06-21 06:55:00,Android,42
S01289,U0477,2024-02-11 17:56:00,iOS,13
S01290,U0265,2024-03-14 21:14:00,Android,57
S01291,U0372,2024-02-08 14:49:00,iOS,17
S01292,U0486,2024-01-15 15:24:00,Web,39
S01293,U0434,2024-05-02 23:30:00,Web,24
S01294,U0134,2024-03-23 12:57:00,Web,3
S01295,U0211,2024-04-01 00:28:00,iOS,30
S01296,U0060,2024-02-04 23:39:00,Android,52
S01297,U0428,2024-04-20 21:57:00,Web,13
S01298,U0377,2024-03-17 22:52:00,Android,19
S01299,U0395,2024-05-26 18:10:00,Android,7
S01300,U0450,2024-05-15 08:39:00,Web,9
S01301,U0431,2024-05-01 05:39:00,iOS,19
S01302,U0364,2024-06-23 09:56:00,Android,45
S01303,U0364,2024-02-14 19:19:00,Web,54
S01304,U0457,2024-03-27 17:19:00,Android,40
S01305,U0213,2024-03-17 20:18:00,Android,22
S01306,U0216,2024-01-09 05:33:00,Android,18
S01307,U0226,2024-03-17 16:56:00,Android,23
S01308,U0470,2024-03-11 00:14:00,Android,2
S01309,U0131,2024-03-11 03:45:00,iOS,50
S01310,U0076,2024-06-17 23:51:00,iOS,50
S01311,U0476,2024-04-22 00:00:00,Web,11
S01312,U0286,2024-01-10 20:31:00,iOS,31
S01313,U0474,2024-04-19 15:51:00,iOS,33
S01314,U0496,2024-04-22 05:05:00,iOS,14
S01315,U0277,2024-01-12 22:48:00,Android,16
S01316,U0156,2024-06-02 23:11:00,Android,11
S01317,U0248,2024-03-18 15:36:00,Web,33
S01318,U0218,2024-06-12 14:48:00,Web,7
S01319,U0190,2024-01-23 02:50:00,Web,31
S01320,U0417,2024-05-13 16:04:00,Android,48
S01321,U0469,2024-06-19 17:28:00,iOS,46
S01322,U0163,2024-01-18 20:13:00,iOS,47
S01323,U0180,2024-05-20 10:57:00,Android,14
S01324,U0034,2024-02-28 22:22:00,Web,28
S01325,U0041,2024-04-01 02:58:00,Web,53
S01326,U0307,2024-02-25 19:38:00,Web,43
S01327,U0431,2024-06-08 01:50:00,Android,16
S01328,U0338,2024-05-16 03:51:00,Web,19
S01329,U0314,2024-03-08 13:33:00,Web,17
S01330,U0075,2024-03-07 15:21:00,Android,59
S01331,U0441,2024-05-15 10:05:00,iOS,26
S01332,U0279,2024-06-21 21:32:00,Android,6
S01333,U0176,2024-01-25 02:27:00,Android,43
S01334,U0384,2024-04-27 14:09:00,Android,49
S01335,U0150,2024-04-20 14:09:00,Android,9
S01336,U0273,2024-03-06 13:32:00,iOS,50
S01337,U0325,2024-04-23 02:54:00,Web,17
S01338,U0108,2024-03-03 09:47:00,Android,31
S01339,U0139,2024-04-23 18:54:00,iOS,12
S01340,U0350,2024-05-26 00:34:00,Web,23
S01341,U0271,2024-02-22 08:57:00,Web,54
S01342,U0347,2024-01-14 06:13:00,Web,54
S01343,U0419,2024-02-14 03:52:00,Android,5
S01344,U0289,2024-02-20 15:38:00,Android,43
S01345,U0212,2024-04-28 12:05:00,Web,36
S01346,U0381,2024-05-30 21:38:00,Web,59
S01347,U0272,2024-03-22 01:15:00,Web,36
S01348,U0418,2024-04-01 11:38:00,Web,3
S01349,U0066,2024-02-02 15:14:00,Web,58
S01350,U0483,2024-01-28 14:50:00,Web,24
S01351,U0424,2024-06-28 04:12:00,iOS,55
S01352,U0248,2024-05-05 20:00:00,Web,57
S01353,U0156,2024-02-06 06:49:00,Android,17
S01354,U0047,2024-04-08 02:06:00,Android,39
S01355,U0423,2024-06-16 09:51:00,Android,26
S01356,U0454,2024-02-07 22:46:00,Web,4
S01357,U0201,2024-02-23 11:01:00,Android,55
S01358,U0148,2024-01-16 08:59:00,iOS,45
S01359,U0124,2024-06-11 07:23:00,Web,12
S01360,U0001,2024-06-21 13:59:00,Android,1
S01361,U0456,2024-03-25 13:13:00,iOS,21
S01362,U0247,2024-03-25 01:04:00,iOS,19
S01363,U0343,2024-05-13 11:02:00,Android,21
S01364,U0128,2024-04-24 01:03:00,iOS,52
S01365,U0191,2024-03-27 15:38:00,Android,18
S01366,U0067,2024-04-16 15:18:00,iOS,43
S01367,U0004,2024-04-05 19:41:00,Web,52
S01368,U0442,2024-03-17 08:10:00,Web,3
S01369,U0409,2024-05-25 20:48:00,Web,49
S01370,U0303,2024-05-28 05:12:00,Web,44
S01371,U0294,2024-04-12 15:18:00,Web,32
S01372,U0143,2024-03-31 13:32:00,Android,10
S01373,U0191,2024-06-20 18:31:00,Web,40
S01374,U0021,2024-04-24 22:06:00,Web,15
S01375,U0227,2024-06-16 07:14:00,Web,5
S01376,U0313,2024-06-18 19:18:00,Web,4
S01377,U0117,2024-02-19 05:39:00,iOS,58
S01378,U0437,2024-03-31 10:45:00,Web,28
S01379,U0302,2024-03-31 10:48:00,Web,53
S01380,U0500,2024-04-18 08:52:00,Android,52
S01381,U0142,2024-03-30 04:55:00,iOS,51
S01382,U0484,2024-04-21 20:00:00,Android,53
S01383,U0460,2024-03-27 01:40:00,Web,4
S01384,U0401,2024-04-26 23:44:00,Android,15
S01385,U0039,2024-01-28 15:36:00,Android,17
S01386,U0393,2024-01-25 00:57:00,Web,44
S01387,U0355,2024-02-10 02:13:00,iOS,3
S01388,U0252,2024-03-15 04:08:00,iOS,10
S01389,U0333,2024-02-07 15:01:00,Android,47
S01390,U0207,2024-06-21 18:18:00,Web,42
S01391,U0210,2024-05-21 13:53:00,Android,56
S01392,U0115,2024-06-16 12:50:00,Android,23
S01393,U0225,2024-04-26 22:58:00,Android,18
S01394,U0134,2024-05-31 02:25:00,Web,1
S01395,U0251,2024-04-25 14:52:00,Web,35
S01396,U0219,2024-03-28 17:38:00,iOS,53
S01397,U0407,2024-01-01 02:32:00,Web,58
S01398,U0443,2024-06-21 08:27:00,Android,31
S01399,U0091,2024-05-05 08:10:00,Android,59
S01400,U0354,2024-03-29 03:40:00,iOS,44
S01401,U0376,2024-05-26 12:02:00,Web,1
S01402,U0046,2024-01-25 08:47:00,Android,3
S01403,U0038,2024-03-13 17:45:00,iOS,3
S01404,U0142,2024-05-26 08:00:00,iOS,37
S01405,U0100,2024-06-10 14:31:00,Android,19
S01406,U0328,2024-05-25 05:44:00,Android,29
S01407,U0190,2024-05-04 00:44:00,Web,25
S01408,U0035,2024-05-13 00:20:00,iOS,33
S01409,U0147,2024-05-01 18:13:00,Android,36
S01410,U0030,2024-04-05 14:32:00,iOS,29
S01411,U0334,2024-02-17 09:10:00,Web,58
S01412,U0084,2024-01-31 16:41:00,Android,26
S01413,U0369,2024-01-10 09:01:00,Web,4
S01414,U0281,2024-01-18 15:55:00,iOS,49
S01415,U0424,2024-03-28 06:20:00,Web,14
S01416,U0344,2024-03-13 07:58:00,Web,50
S01417,U0270,2024-01-15 08:35:00,iOS,27
S01418,U0154,2024-06-16 10:20:00,Web,33
S01419,U0102,2024-05-16 02:33:00,iOS,22
S01420,U0215,2024-05-11 20:32:00,Android,48
S01421,U0150,2024-01-16 02:22:00,iOS,3
S01422,U0432,2024-04-08 18:12:00,iOS,23
S01423,U0083,2024-01-05 13:07:00,Android,21
S01424,U0110,2024-03-19 10:22:00,iOS,41
S01425,U0435,2024-01-02 08:44:00,Android,23
S01426,U0387,2024-01-04 15:37:00,Android,4
S01427,U0426,2024-04-18 22:33:00,iOS,21
S01428,U0275,2024-04-04 10:16:00,Web,37
S01429,U0201,2024-01-08 01:06:00,Web,43
S01430,U0284,2024-04-19 12:47:00,Android,31
S01431,U0468,2024-01-09 16:29:00,Web,21
S01432,U0173,2024-04-26 04:26:00,Web,26
S01433,U0327,2024-04-08 08:04:00,iOS,41
S01434,U0206,2024-02-11 19:47:00,Android,58
S01435,U0063,2024-04-29 10:52:00,Android,35
S01436,U0073,2024-01-12 09:08:00,iOS,38
S01437,U0251,2024-03-14 01:12:00,Web,24
S01438,U0124,2024-02-21 03:18:00,Android,11
S01439,U0375,2024-05-09 09:31:00,Web,41
S01440,U0121,2024-01-23 19:34:00,Android,29
S01441,U0275,2024-06-05 20:29:00,Android,47
S01442,U0431,2024-06-27 03:16:00,Android,55
S01443,U0500,2024-03-29 13:18:00,Android,3
S01444,U0398,2024-06-26 13:07:00,Web,1
S01445,U0120,2024-05-09 11:04:00,Web,52
S01446,U0422,2024-01-13 14:30:00,Web,54
S01447,U0437,2024-04-15 23:18:00,Web,19
S01448,U0317,2024-03-10 11:37:00,iOS,46
S01449,U0164,2024-04-08 09:53:00,Android,49
S01450,U0424,2024-03-15 14:45:00,Android,22
S01451,U0465,2024-03-24 20:15:00,Android,14
S01452,U0286,2024-03-09 16:18:00,iOS,49
S01453,U0265,2024-02-28 15:55:00,Web,57
S01454,U0320,2024-05-05 23:10:00,Android,59
S01455,U0161,2024-03-02 02:23:00,Web,14
S01456,U0376,2024-05-07 03:35:00,Web,44
S01457,U0308,2024-04-14 05:23:00,iOS,16
S01458,U0089,2024-01-15 03:36:00,iOS,33
S01459,U0142,2024-02-04 03:02:00,Web,13
S01460,U0203,2024-01-14 15:44:00,Android,38
S01461,U0309,2024-04-11 07:46:00,Android,49
S01462,U0227,2024-02-18 19:27:00,iOS,12
S01463,U0489,2024-04-20 16:53:00,iOS,55
S01464,U0443,2024-06-27 09:54:00,iOS,51
S01465,U0334,2024-02-11 21:36:00,iOS,38
S01466,U0222,2024-06-21 16:12:00,iOS,39
S01467,U0041,2024-01-07 19:38:00,iOS,33
S01468,U0196,2024-01-10 09:05:00,iOS,33
S01469,U0068,2024-02-05 08:37:00,Android,29
S01470,U0476,2024-05-31 15:13:00,iOS,5
S01471,U0264,2024-05-13 04:44:00,iOS,6
S01472,U0002,2024-05-05 11:25:00,Android,31
S01473,U0361,2024-05-31 05:30:00,Android,16
S01474,U0125,2024-01-26 23:26:00,Web,31
S01475,U0110,2024-04-24 14:53:00,iOS,25
S01476,U0086,2024-01-28 14:58:00,iOS,48
S01477,U0425,2024-03-15 19:49:00,iOS,46
S01478,U0120,2024-03-18 15:46:00,iOS,33
S01479,U0127,2024-03-30 11:27:00,Web,13
S01480,U0255,2024-01-21 09:25:00,Android,52
S01481,U0183,2024-04-12 20:45:00,Android,10
S01482,U0016,2024-02-28 22:31:00,iOS,24
S01483,U0477,2024-06-27 18:55:00,iOS,10
S01484,U0062,2024-02-28 22:30:00,iOS,41
S01485,U0369,2024-05-16 11:08:00,Web,31
S01486,U0432,2024-02-25 11:47:00,Web,13
S01487,U0158,2024-02-04 06:18:00,Android,3
S01488,U0268,2024-05-10 03:56:00,iOS,59
S01489,U0035,2024-04-13 04:42:00,iOS,50
S01490,U0267,2024-01-01 07:43:00,iOS,52
S01491,U0064,2024-06-20 18:30:00,iOS,34
S01492,U0494,2024-02-10 19:06:00,Web,49
S01493,U0050,2024-03-15 22:01:00,Android,28
S01494,U0469,2024-04-26 11:29:00,Android,19
S01495,U0255,2024-03-03 02:44:00,Web,23
S01496,U0149,2024-05-06 03:28:00,iOS,45
S01497,U0325,2024-06-24 23:32:00,Android,32
S01498,U0304,2024-02-17 03:43:00,Android,13
S01499,U0276,2024-01-03 06:11:00,Web,33
S01500,U0357,2024-06-23 10:10:00,iOS,34
S01501,U0451,2024-04-25 21:33:00,Android,33
S01502,U0172,2024-04-21 21:16:00,iOS,56
S01503,U0417,2024-03-01 06:54:00,Android,5
S01504,U0201,2024-04-04 14:51:00,Web,56
S01505,U0445,2024-01-24 11:02:00,iOS,3
S01506,U0393,2024-03-22 17:53:00,Web,7
S01507,U0324,2024-03-19 18:22:00,Android,24
S01508,U0035,2024-03-10 17:30:00,Web,22
S01509,U0465,2024-01-15 09:21:00,Web,45
S01510,U0482,2024-02-05 04:06:00,Web,23
S01511,U0216,2024-01-08 06:26:00,Android,30
S01512,U0480,2024-02-16 16:12:00,iOS,18
S01513,U0065,2024-04-14 16:23:00,Web,32
S01514,U0008,2024-04-05 21:19:00,iOS,56
S01515,U0301,2024-04-25 12:32:00,Android,53
S01516,U0343,2024-01-13 17:04:00,iOS,7
S01517,U0431,2024-02-03 01:18:00,Web,33
S01518,U0424,2024-03-18 14:48:00,Web,5
S01519,U0332,2024-04-02 18:41:00,Web,49
S01520,U0438,2024-03-22 08:21:00,Web,28
S01521,U0076,2024-06-07 12:44:00,Web,8
S01522,U0174,2024-06-01 09:09:00,Web,15
S01523,U0047,2024-01-14 06:31:00,Android,52
S01524,U0015,2024-03-31 05:09:00,Android,4
S01525,U0361,2024-05-09 20:32:00,Android,34
S01526,U0147,2024-04-10 16:13:00,iOS,5
S01527,U0026,2024-03-29 18:37:00,iOS,33
S01528,U0308,2024-04-02 05:39:00,Android,57
S01529,U0093,2024-03-25 12:36:00,iOS,5
S01530,U0406,2024-01-22 04:50:00,iOS,38
S01531,U0232,2024-01-16 05:05:00,Web,34
S01532,U0021,2024-05-01 19:11:00,Web,58
S01533,U0307,2024-04-22 15:38:00,iOS,26
S01534,U0038,2024-01-17 14:07:00,iOS,1
S01535,U0276,2024-05-09 19:15:00,Android,4
S01536,U0157,2024-03-25 14:21:00,iOS,39
S01537,U0179,2024-05-13 09:52:00,Web,54
S01538,U0132,2024-03-09 18:12:00,iOS,26
S01539,U0311,2024-05-27 07:27:00,Android,33
S01540,U0455,2024-01-16 13:38:00,Web,33
S01541,U0348,2024-04-14 19:48:00,Web,8
S01542,U0028,2024-06-18 04:24:00,Web,20
S01543,U0260,2024-04-16 10:11:00,Web,16
S01544,U0406,2024-03-26 13:51:00,iOS,21
S01545,U0076,2024-01-22 11:13:00,Android,45
S01546,U0429,2024-06-05 04:10:00,iOS,55
S01547,U0067,2024-04-19 08:49:00,iOS,56
S01548,U0342,2024-03-11 16:00:00,Web,26
S01549,U0492,2024-05-06 01:36:00,Android,23
S01550,U0194,2024-01-01 03:35:00,Web,18
S01551,U0472,2024-05-11 21:23:00,iOS,31
S01552,U0162,2024-05-04 18:25:00,iOS,52
S01553,U0347,2024-01-27 00:58:00,Web,42
S01554,U0439,2024-02-01 02:40:00,iOS,12
S01555,U0361,2024-01-28 01:45:00,iOS,1
S01556,U0257,2024-04-14 03:47:00,Web,42
S01557,U0072,2024-03-10 05:17:00,iOS,9
S01558,U0087,2024-02-03 14:33:00,Android,3
S01559,U0422,2024-02-25 10:24:00,Web,51
S01560,U0262,2024-01-13 17:21:00,Android,26
S01561,U0214,2024-04-22 03:48:00,iOS,9
S01562,U0153,2024-06-19 04:54:00,iOS,42
S01563,U0210,2024-06-18 16:16:00,Web,51
S01564,U0401,2024-03-19 10:57:00,iOS,16
S01565,U0061,2024-05-30 20:05:00,Web,24
S01566,U0268,2024-01-30 12:41:00,Web,50
S01567,U0262,2024-04-07 13:45:00,Web,14
S01568,U0218,2024-03-07 01:10:00,Web,3
S01569,U0283,2024-05-25 21:59:00,Web,34
S01570,U0136,2024-03-10 07:49:00,Android,33
S01571,U0467,2024-03-08 08:13:00,Web,50
S01572,U0380,2024-02-18 00:51:00,Android,24
S01573,U0362,2024-04-23 06:02:00,iOS,9
S01574,U0449,2024-01-29 15:16:00,Web,13
S01575,U0441,2024-03-18 08:40:00,iOS,2
S01576,U0093,2024-06-23 22:01:00,Web,7
S01577,U0109,2024-06-27 11:30:00,Android,48
S01578,U0241,2024-05-07 08:51:00,Android,21
S01579,U0355,2024-06-03 13:59:00,Android,19
S01580,U0424,2024-03-05 04:00:00,iOS,25
S01581,U0142,2024-04-22 08:55:00,Web,47
S01582,U0291,2024-05-07 01:22:00,iOS,22
S01583,U0432,2024-03-03 15:50:00,Android,11
S01584,U0237,2024-02-29 10:10:00,iOS,33
S01585,U0340,2024-03-02 04:45:00,Android,32
S01586,U0312,2024-01-22 07:38:00,Android,21
S01587,U0177,2024-05-05 23:56:00,Android,39
S01588,U0141,2024-06-17 09:13:00,Web,20
S01589,U0189,2024-04-07 19:41:00,Web,8
S01590,U0486,2024-04-21 06:41:00,Android,42
S01591,U0049,2024-05-01 04:32:00,iOS,37
S01592,U0302,2024-02-07 06:37:00,iOS,9
S01593,U0369,2024-04-19 21:41:00,Web,25
S01594,U0190,2024-02-25 09:28:00,Android,25
S01595,U0136,2024-06-20 18:57:00,iOS,33
S01596,U0043,2024-05-04 14:56:00,Android,2
S01597,U0404,2024-02-21 14:12:00,iOS,19
S01598,U0380,2024-06-13 05:20:00,Web,46
S01599,U0353,2024-06-27 14:56:00,Android,20
S01600,U0090,2024-01-21 08:11:00,Android,42
S01601,U0295,2024-05-02 01:00:00,iOS,41
S01602,U0341,2024-02-23 08:57:00,iOS,42
S01603,U0245,2024-03-20 16:27:00,iOS,29
S01604,U0433,2024-03-05 09:45:00,Android,6
S01605,U0192,2024-06-19 21:36:00,Web,17
S01606,U0318,2024-04-30 08:54:00,Web,25
S01607,U0106,2024-05-14 11:32:00,iOS,38
S01608,U0363,2024-03-11 01:47:00,Web,4
S01609,U0310,2024-03-19 19:45:00,iOS,30
S01610,U0382,2024-02-15 16:44:00,Web,20
S01611,U0233,2024-03-18 17:19:00,Android,3
S01612,U0265,2024-03-11 10:07:00,iOS,23
S01613,U0344,2024-05-26 00:01:00,Web,51
S01614,U0037,2024-01-10 07:13:00,Android,18
S01615,U0305,2024-05-04 18:24:00,Web,26
S01616,U0041,2024-05-19 19:33:00,Android,56
S01617,U0017,2024-02-01 14:32:00,Android,36
S01618,U0344,2024-03-24 02:08:00,Web,8
S01619,U0277,2024-02-27 20:21:00,Web,17
S01620,U0307,2024-05-25 15:01:00,Android,31
S01621,U0059,2024-02-14 18:40:00,Android,37
S01622,U0423,2024-01-23 08:54:00,Android,45
S01623,U0183,2024-06-02 07:40:00,iOS,57
S01624,U0041,2024-05-14 17:47:00,Android,33
S01625,U0039,2024-01-27 13:13:00,iOS,27
S01626,U0397,2024-04-06 16:14:00,Android,45
S01627,U0192,2024-02-05 10:20:00,iOS,4
S01628,U0267,2024-02-24 11:43:00,Android,22
S01629,U0494,2024-03-09 19:13:00,Android,26
S01630,U0147,2024-02-24 14:07:00,Android,32
S01631,U0395,2024-03-27 13:25:00,Web,24
S01632,U0333,2024-04-28 22:37:00,Web,46
S01633,U0127,2024-06-05 19:37:00,Android,35
S01634,U0046,2024-02-04 01:18:00,iOS,37
S01635,U0045,2024-03-07 06:52:00,iOS,32
S01636,U0001,2024-02-03 02:48:00,Android,7
S01637,U0168,2024-06-17 09:42:00,Web,33
S01638,U0108,2024-01-03 22:17:00,iOS,31
S01639,U0019,2024-02-01 04:46:00,Web,55
S01640,U0332,2024-03-22 17:46:00,iOS,12
S01641,U0072,2024-05-14 10:16:00,Android,11
S01642,U0456,2024-01-01 04:29:00,Web,24
S01643,U0445,2024-06-28 08:37:00,iOS,8
S01644,U0109,2024-04-12 17:13:00,Android,32
S01645,U0268,2024-03-11 18:33:00,Android,57
S01646,U0445,2024-06-06 15:16:00,Android,38
S01647,U0240,2024-05-05 15:55:00,Web,22
S01648,U0417,2024-04-06 01:13:00,Web,34
S01649,U0301,2024-04-24 20:14:00,Android,19
S01650,U0090,2024-06-18 00:55:00,Web,52
S01651,U0103,2024-02-10 00:31:00,iOS,20
S01652,U0476,2024-01-15 09:33:00,Android,56
S01653,U0250,2024-06-03 04:43:00,Android,14
S01654,U0453,2024-03-04 03:06:00,Web,33
S01655,U0008,2024-05-09 10:38:00,Android,10
S01656,U0153,2024-02-05 01:53:00,iOS,16
S01657,U0347,2024-01-13 21:34:00,Web,4
S01658,U0174,2024-03-29 20:38:00,Web,27
S01659,U0343,2024-01-22 07:26:00,Android,28
S01660,U0158,2024-03-14 08:56:00,Android,43
S01661,U0493,2024-04-10 02:55:00,Android,16
S01662,U0431,2024-06-19 19:00:00,Web,59
S01663,U0215,2024-06-14 00:40:00,Android,52
S01664,U0177,2024-06-21 05:43:00,iOS,33
S01665,U0175,2024-06-16 06:05:00,Android,48
S01666,U0340,2024-04-29 10:08:00,Android,19
S01667,U0338,2024-05-24 12:07:00,Web,21
S01668,U0146,2024-02-26 19:13:00,Android,22
S01669,U0450,2024-04-05 14:48:00,Web,9
S01670,U0324,2024-03-02 16:23:00,Android,9
S01671,U0478,2024-05-16 13:55:00,iOS,9
S01672,U0161,2024-03-21 21:36:00,iOS,27
S01673,U0127,2024-04-26 13:37:00,Web,17
S01674,U0420,2024-04-21 18:37:00,Web,44
S01675,U0082,2024-06-16 15:53:00,Android,57
S01676,U0485,2024-03-25 11:00:00,Android,45
S01677,U0147,2024-05-25 11:34:00,iOS,8
S01678,U0239,2024-06-05 02:31:00,Android,16
S01679,U0412,2024-03-14 15:12:00,iOS,18
S01680,U0424,2024-01-18 08:15:00,Web,59
S01681,U0084,2024-04-10 09:16:00,Android,33
S01682,U0113,2024-03-22 01:12:00,Web,1
S01683,U0225,2024-01-14 02:36:00,Android,12
S01684,U0332,2024-05-11 22:41:00,iOS,6
S01685,U0378,2024-05-27 23:19:00,Web,41
S01686,U0243,2024-04-29 09:18:00,Web,55
S01687,U0143,2024-04-16 04:24:00,Android,5
S01688,U0041,2024-03-19 02:34:00,Web,59
S01689,U0423,2024-01-15 16:27:00,iOS,16
S01690,U0258,2024-01-19 14:17:00,Web,18
S01691,U0447,2024-06-28 08:57:00,Web,49
S01692,U0285,2024-06-02 02:33:00,Android,18
S01693,U0105,2024-06-22 01:31:00,Web,1
S01694,U0202,2024-06-25 05:37:00,Android,19
S01695,U0450,2024-05-10 07:29:00,Android,54
S01696,U0307,2024-02-11 13:06:00,Web,8
S01697,U0331,2024-01-17 09:47:00,iOS,3
S01698,U0461,2024-06-25 13:50:00,Android,58
S01699,U0266,2024-05-10 17:52:00,Web,25
S01700,U0398,2024-02-24 11:05:00,Android,58
S01701,U0210,2024-04-08 22:11:00,iOS,5
S01702,U0051,2024-04-09 17:49:00,iOS,55
S01703,U0118,2024-02-15 14:27:00,Android,40
S01704,U0201,2024-05-23 06:47:00,iOS,19
S01705,U0377,2024-02-23 19:12:00,Web,18
S01706,U0039,2024-02-18 21:29:00,Web,50
S01707,U0028,2024-04-27 07:43:00,Android,53
S01708,U0259,2024-05-23 07:21:00,iOS,31
S01709,U0084,2024-06-05 08:06:00,Web,33
S01710,U0454,2024-04-01 19:17:00,Web,47
S01711,U0155,2024-05-23 02:27:00,Web,18
S01712,U0117,2024-03-20 18:14:00,Android,57
S01713,U0002,2024-03-18 13:30:00,Android,39
S01714,U0093,2024-06-02 01:29:00,Web,16
S01715,U0166,2024-03-18 03:18:00,Web,16
S01716,U0387,2024-06-09 08:57:00,iOS,47
S01717,U0400,2024-04-30 05:00:00,iOS,38
S01718,U0350,2024-03-03 16:02:00,iOS,41
S01719,U0296,2024-06-28 01:07:00,Android,7
S01720,U0258,2024-06-02 07:38:00,Web,14
S01721,U0081,2024-01-02 06:37:00,Android,43
S01722,U0425,2024-04-17 21:49:00,Web,53
S01723,U0268,2024-02-18 19:23:00,iOS,48
S01724,U0419,2024-02-13 13:00:00,iOS,25
S01725,U0235,2024-03-18 14:53:00,iOS,32
S01726,U0321,2024-04-07 12:27:00,iOS,38
S01727,U0311,2024-01-26 11:00:00,Web,22
S01728,U0301,2024-06-04 16:35:00,iOS,59
S01729,U0463,2024-06-16 12:25:00,Web,16
S01730,U0474,2024-03-27 18:22:00,Web,52
S01731,U0357,2024-01-23 22:40:00,Android,29
S01732,U0213,2024-02-17 23:23:00,iOS,16
S01733,U0062,2024-05-09 09:55:00,iOS,12
S01734,U0049,2024-01-20 09:17:00,Android,17
S01735,U0127,2024-05-10 20:06:00,Web,37
S01736,U0223,2024-01-12 22:25:00,iOS,27
S01737,U0409,2024-04-09 01:17:00,Web,25
S01738,U0279,2024-01-16 22:42:00,Android,13
S01739,U0408,2024-06-10 03:57:00,Web,8
S01740,U0294,2024-05-13 20:15:00,iOS,56
S01741,U0284,2024-04-09 04:37:00,Web,5
S01742,U0277,2024-01-18 08:43:00,Web,12
S01743,U0438,2024-06-28 02:02:00,iOS,41
S01744,U0107,2024-04-26 17:54:00,iOS,3
S01745,U0146,2024-03-11 07:59:00,Web,35
S01746,U0420,2024-02-17 17:22:00,Web,33
S01747,U0099,2024-01-06 01:23:00,Android,57
S01748,U0429,2024-06-03 09:24:00,iOS,22
S01749,U0375,2024-04-16 05:56:00,Web,50
S01750,U0073,2024-02-17 10:46:00,iOS,56
S01751,U0437,2024-03-09 08:42:00,Android,44
S01752,U0486,2024-05-22 03:11:00,Web,9
S01753,U0122,2024-05-10 06:17:00,Web,41
S01754,U0030,2024-03-09 08:54:00,Web,18
S01755,U0188,2024-02-06 17:12:00,iOS,50
S01756,U0364,2024-01-15 23:30:00,Android,29
S01757,U0354,2024-04-02 08:48:00,iOS,39
S01758,U0288,2024-06-02 06:44:00,Web,27
S01759,U0451,2024-03-12 19:32:00,Android,36
S01760,U0195,2024-04-30 21:30:00,Web,45
S01761,U0156,2024-06-14 07:51:00,Web,17
S01762,U0172,2024-05-04 09:06:00,iOS,56
S01763,U0335,2024-04-28 17:17:00,Web,34
S01764,U0041,2024-01-10 06:03:00,Android,46
S01765,U0063,2024-04-28 21:01:00,Web,3
S01766,U0023,2024-02-03 19:52:00,Web,5
S01767,U0360,2024-01-10 10:33:00,iOS,14
S01768,U0075,2024-05-24 16:02:00,Android,3
S01769,U0048,2024-04-24 12:59:00,iOS,23
S01770,U0160,2024-04-12 08:35:00,Web,39
S01771,U0313,2024-06-18 23:40:00,iOS,30
S01772,U0118,2024-04-07 01:45:00,iOS,50
S01773,U0100,2024-03-25 03:33:00,iOS,45
S01774,U0380,2024-04-30 19:15:00,iOS,23
S01775,U0417,2024-03-22 03:16:00,Web,27
S01776,U0408,2024-01-19 10:41:00,Web,54
S01777,U0167,2024-01-12 18:24:00,Android,10
S01778,U0290,2024-03-14 14:25:00,iOS,25
S01779,U0440,2024-01-06 06:31:00,iOS,13
S01780,U0156,2024-05-04 05:06:00,Android,16
S01781,U0421,2024-01-11 14:54:00,iOS,41
S01782,U0007,2024-05-19 14:00:00,Android,34
S01783,U0196,2024-01-02 08:39:00,Web,55
S01784,U0421,2024-05-18 10:35:00,Android,37
S01785,U0056,2024-02-22 12:19:00,iOS,22
S01786,U0321,2024-01-10 07:48:00,Android,17
S01787,U0193,2024-04-21 17:11:00,Web,23
S01788,U0047,2024-02-05 07:56:00,iOS,54
S01789,U0148,2024-04-15 07:39:00,Web,36
S01790,U0275,2024-01-14 12:31:00,Web,49
S01791,U0157,2024-03-26 03:55:00,Android,9
S01792,U0202,2024-02-19 07:57:00,Web,52
S01793,U0444,2024-06-15 17:23:00,iOS,2
S01794,U0402,2024-03-27 02:14:00,Web,32
S01795,U0476,2024-05-16 19:12:00,Web,56
S01796,U0419,2024-06-02 21:57:00,Android,50
S01797,U0427,2024-02-13 01:25:00,Web,53
S01798,U0495,2024-02-13 23:18:00,Android,59
S01799,U0479,2024-05-01 23:33:00,Android,22
S01800,U0475,2024-05-24 17:54:00,iOS,43
S01801,U0126,2024-02-07 15:19:00,iOS,13
S01802,U0395,2024-02-20 04:25:00,iOS,8
S01803,U0305,2024-04-29 11:51:00,iOS,59
S01804,U0369,2024-05-28 21:11:00,Android,1
S01805,U0294,2024-03-10 00:56:00,Web,17
S01806,U0064,2024-05-05 00:38:00,iOS,12
S01807,U0325,2024-02-02 17:21:00,iOS,4
S01808,U0392,2024-02-26 12:35:00,iOS,53
S01809,U0418,2024-04-05 22:01:00,Web,13
S01810,U0176,2024-01-27 01:49:00,iOS,31
S01811,U0116,2024-06-28 09:03:00,Web,41
S01812,U0440,2024-01-26 00:24:00,Android,59
S01813,U0204,2024-03-15 13:10:00,Android,7
S01814,U0486,2024-02-26 02:59:00,Android,23
S01815,U0321,2024-05-05 05:42:00,Web,24
S01816,U0031,2024-01-31 09:35:00,iOS,5
S01817,U0388,2024-02-02 20:36:00,iOS,5
S01818,U0113,2024-01-02 08:49:00,iOS,17
S01819,U0365,2024-06-23 15:28:00,iOS,30
S01820,U0434,2024-03-24 07:14:00,iOS,9
S01821,U0325,2024-04-23 17:00:00,Web,6
S01822,U0414,2024-05-25 10:21:00,Android,25
S01823,U0376,2024-03-28 09:43:00,iOS,19
S01824,U0344,2024-05-04 05:08:00,Android,16
S01825,U0443,2024-05-17 05:42:00,Web,21
S01826,U0067,2024-06-28 02:56:00,Web,2
S01827,U0075,2024-05-18 03:13:00,iOS,10
S01828,U0045,2024-06-12 19:44:00,Web,16
S01829,U0260,2024-06-23 08:44:00,Android,37
S01830,U0154,2024-02-09 17:45:00,iOS,15
S01831,U0155,2024-05-26 03:29:00,iOS,13
S01832,U0430,2024-04-03 21:38:00,Android,13
S01833,U0363,2024-01-23 21:14:00,iOS,32
S01834,U0448,2024-02-23 13:52:00,iOS,45
S01835,U0475,2024-05-19 13:11:00,Android,47
S01836,U0234,2024-02-03 16:56:00,iOS,46
S01837,U0051,2024-05-15 00:56:00,iOS,8
S01838,U0306,2024-04-21 00:04:00,Android,43
S01839,U0262,2024-06-02 23:57:00,Web,18
S01840,U0315,2024-01-13 22:42:00,Android,56
S01841,U0125,2024-01-29 21:22:00,iOS,36
S01842,U0399,2024-03-30 10:15:00,Android,26
S01843,U0245,2024-05-02 11:37:00,iOS,10
S01844,U0030,2024-03-16 14:57:00,iOS,31
S01845,U0426,2024-04-17 11:07:00,Android,33
S01846,U0485,2024-03-22 09:48:00,iOS,29
S01847,U0122,2024-01-02 10:38:00,Web,5
S01848,U0125,2024-05-14 04:41:00,iOS,13
S01849,U0037,2024-03-28 20:27:00,Android,1
S01850,U0170,2024-01-16 19:34:00,Web,23
S01851,U0124,2024-06-16 04:13:00,Web,40
S01852,U0357,2024-03-13 09:03:00,iOS,3
S01853,U0035,2024-01-15 16:36:00,Android,3
S01854,U0087,2024-05-20 22:33:00,iOS,7
S01855,U0134,2024-02-21 14:04:00,iOS,36
S01856,U0196,2024-06-17 06:05:00,Android,35
S01857,U0274,2024-06-26 10:54:00,Android,15
S01858,U0201,2024-04-15 12:39:00,iOS,40
S01859,U0369,2024-05-06 17:43:00,Web,3
S01860,U0285,2024-06-04 06:55:00,iOS,29
S01861,U0077,2024-04-08 04:14:00,Web,30
S01862,U0059,2024-05-22 11:49:00,iOS,39
S01863,U0431,2024-03-05 14:59:00,Android,18
S01864,U0126,2024-01-11 00:25:00,Web,11
S01865,U0500,2024-06-13 20:44:00,Android,43
S01866,U0401,2024-03-25 08:15:00,Android,49
S01867,U0109,2024-06-16 07:40:00,Android,38
S01868,U0224,2024-05-30 10:34:00,Android,40
S01869,U0496,2024-05-23 16:29:00,Android,1
S01870,U0278,2024-03-08 10:15:00,iOS,29
S01871,U0068,2024-03-20 11:10:00,Web,10
S01872,U0069,2024-02-22 14:33:00,iOS,28
S01873,U0165,2024-06-01 04:59:00,iOS,57
S01874,U0489,2024-05-19 05:56:00,iOS,31
S01875,U0305,2024-04-06 08:43:00,Android,19
S01876,U0397,2024-03-09 15:49:00,iOS,3
S01877,U0162,2024-01-28 22:15:00,Web,36
S01878,U0365,2024-04-08 03:16:00,iOS,43
S01879,U0342,2024-04-19 20:49:00,Android,15
S01880,U0309,2024-03-17 10:14:00,Web,33
S01881,U0379,2024-04-15 23:08:00,Web,41
S01882,U0343,2024-04-21 09:29:00,Web,43
S01883,U0435,2024-03-18 18:18:00,Web,51
S01884,U0387,2024-02-11 07:01:00,iOS,45
S01885,U0042,2024-03-08 20:04:00,Android,26
S01886,U0354,2024-02-02 01:10:00,Web,16
S01887,U0416,2024-02-25 18:48:00,Web,36
S01888,U0109,2024-04-10 12:47:00,Android,33
S01889,U0051,2024-02-20 06:16:00,iOS,20
S01890,U0250,2024-05-22 11:17:00,Web,13
S01891,U0497,2024-05-22 03:40:00,iOS,33
S01892,U0341,2024-03-23 03:01:00,iOS,5
S01893,U0430,2024-02-20 08:41:00,iOS,37
S01894,U0383,2024-05-19 16:53:00,iOS,14
S01895,U0492,2024-01-04 14:22:00,Web,27
S01896,U0021,2024-05-25 14:07:00,Web,23
S01897,U0300,2024-02-05 21:44:00,iOS,14
S01898,U0139,2024-04-07 01:40:00,iOS,40
S01899,U0359,2024-01-09 09:32:00,Android,4
S01900,U0324,2024-02-22 10:57:00,Android,39
S01901,U0499,2024-06-19 18:06:00,Android,52
S01902,U0385,2024-04-30 03:45:00,Web,19
S01903,U0092,2024-04-14 12:51:00,Android,47
S01904,U0447,2024-04-02 21:18:00,Web,54
S01905,U0280,2024-06-21 07:13:00,Web,4
S01906,U0125,2024-01-28 11:21:00,Web,30
S01907,U0483,2024-03-20 09:47:00,Web,19
S01908,U0397,2024-04-25 18:12:00,Android,31
S01909,U0111,2024-04-07 12:25:00,iOS,31
S01910,U0354,2024-01-01 19:50:00,iOS,9
S01911,U0139,2024-04-05 06:07:00,iOS,53
S01912,U0484,2024-03-31 14:15:00,Android,13
S01913,U0435,2024-06-11 19:53:00,iOS,14
S01914,U0273,2024-06-15 18:33:00,Android,55
S01915,U0099,2024-02-18 04:53:00,Android,46
S01916,U0252,2024-05-30 19:33:00,Android,54
S01917,U0338,2024-05-11 07:12:00,iOS,10
S01918,U0104,2024-02-28 16:08:00,iOS,48
S01919,U0214,2024-03-08 03:18:00,iOS,31
S01920,U0249,2024-05-09 07:51:00,Web,37
S01921,U0152,2024-05-05 16:30:00,Android,23
S01922,U0250,2024-06-07 23:10:00,Web,27
S01923,U0275,2024-06-16 09:19:00,Android,6
S01924,U0165,2024-02-20 11:28:00,iOS,26
S01925,U0487,2024-05-03 07:53:00,Android,2
S01926,U0341,2024-03-20 11:36:00,Android,45
S01927,U0008,2024-04-20 15:10:00,Web,13
S01928,U0284,2024-01-27 15:59:00,Android,51
S01929,U0005,2024-06-06 11:46:00,iOS,50
S01930,U0145,2024-04-22 14:13:00,Android,19
S01931,U0101,2024-04-23 16:56:00,Android,1
S01932,U0164,2024-05-03 13:36:00,Android,40
S01933,U0374,2024-03-16 22:14:00,Web,32
S01934,U0147,2024-02-25 11:47:00,Android,22
S01935,U0064,2024-04-04 17:47:00,Android,48
S01936,U0091,2024-06-07 21:09:00,Web,29
S01937,U0117,2024-03-24 03:26:00,Web,2
S01938,U0354,2024-05-30 11:07:00,Web,40
S01939,U0267,2024-01-16 02:44:00,Web,38
S01940,U0310,2024-05-28 19:28:00,iOS,48
S01941,U0173,2024-02-06 05:32:00,iOS,55
S01942,U0047,2024-05-26 06:53:00,Android,11
S01943,U0140,2024-02-14 23:45:00,iOS,17
S01944,U0246,2024-03-02 06:59:00,Android,55
S01945,U0149,2024-04-09 13:39:00,iOS,51
S01946,U0246,2024-01-19 06:04:00,Web,43
S01947,U0395,2024-02-13 17:10:00,Web,8
S01948,U0487,2024-06-20 19:00:00,iOS,22
S01949,U0476,2024-03-08 09:05:00,iOS,4
S01950,U0005,2024-03-09 00:54:00,Android,11
S01951,U0465,2024-01-10 16:31:00,Android,8
S01952,U0184,2024-02-11 22:00:00,Android,9
S01953,U0020,2024-05-01 06:33:00,Web,26
S01954,U0425,2024-01-10 23:01:00,Web,2
S01955,U0046,2024-05-07 11:30:00,Web,16
S01956,U0012,2024-05-28 06:31:00,Web,31
S01957,U0070,2024-04-01 14:40:00,Android,6
S01958,U0017,2024-03-18 01:24:00,Web,53
S01959,U0371,2024-01-30 00:48:00,Web,21
S01960,U0147,2024-01-09 19:28:00,Web,26
S01961,U0154,2024-03-09 18:01:00,Web,59
S01962,U0304,2024-03-02 07:58:00,iOS,19
S01963,U0108,2024-02-21 21:59:00,Android,28
S01964,U0236,2024-06-14 19:54:00,Android,8
S01965,U0308,2024-03-03 02:26:00,Web,14
S01966,U0352,2024-02-19 16:55:00,iOS,24
S01967,U0070,2024-04-06 07:25:00,Android,48
S01968,U0183,2024-02-12 23:21:00,Android,44
S01969,U0250,2024-04-17 21:29:00,Web,37
S01970,U0228,2024-04-04 04:21:00,Web,56
S01971,U0102,2024-02-26 14:56:00,Android,26
S01972,U0075,2024-03-11 03:38:00,Android,31
S01973,U0417,2024-01-21 01:31:00,iOS,56
S01974,U0446,2024-05-06 01:19:00,Android,51
S01975,U0216,2024-02-25 21:01:00,Android,32
S01976,U0407,2024-04-25 15:15:00,Web,50
S01977,U0399,2024-01-25 02:35:00,Android,41
S01978,U0411,2024-01-05 10:31:00,Web,2
S01979,U0203,2024-01-21 18:00:00,Android,25
S01980,U0192,2024-04-02 00:18:00,Android,52
S01981,U0249,2024-05-07 20:16:00,Android,44
S01982,U0499,2024-05-10 04:36:00,iOS,2
S01983,U0242,2024-02-09 22:26:00,Web,42
S01984,U0465,2024-06-01 10:38:00,iOS,1
S01985,U0179,2024-02-24 11:23:00,Android,36
S01986,U0437,2024-04-18 20:07:00,iOS,57
S01987,U0462,2024-04-21 20:21:00,Web,12
S01988,U0219,2024-04-24 06:12:00,Android,9
S01989,U0082,2024-03-27 03:20:00,iOS,36
S01990,U0092,2024-03-21 08:28:00,iOS,41
S01991,U0435,2024-03-06 04:34:00,Web,28
S01992,U0175,2024-05-14 19:01:00,iOS,38
S01993,U0239,2024-02-11 00:41:00,Web,33
S01994,U0260,2024-02-28 13:07:00,Android,42
S01995,U0391,2024-03-13 17:20:00,Android,46
S01996,U0365,2024-01-27 15:42:00,iOS,22
S01997,U0163,2024-01-02 09:34:00,Android,25
S01998,U0048,2024-03-02 10:11:00,Android,18
S01999,U0329,2024-01-19 13:56:00,iOS,6
S02000,U0328,2024-06-15 23:16:00,Android,18
